{
"__comment":"Made by Know2Good, part of the 'Default 3D' resource pack || Official download page: http://www.planetminecraft.com/texture_pack/default-3d-2985741/ || © Know2Good. All rights reserved. ",
"__comment":"OK",

	"variants": {
        "": [
			{ "model": "block/stone/bricks/block/0", "weight": 40 },
			{ "model": "block/stone/bricks/block/1", "weight": 30 },
			{ "model": "block/stone/bricks/block/2", "weight": 30 },
			{ "model": "block/stone/bricks/block/3", "weight": 30 },
			{ "model": "block/stone/bricks/block/4", "weight": 30 },
			{ "model": "block/stone/bricks/block/5", "weight": 10 },
			{ "model": "block/stone/bricks/block/6", "weight": 10 },
			{ "model": "block/stone/bricks/block/7", "weight": 10 }
        ]
    }
}

