{
"__comment":"Made by Know2Good, part of the 'Default 3D' resource pack || Official download page: http://www.planetminecraft.com/texture_pack/default-3d-2985741/ || © Know2Good. All rights reserved. ",
"__comment":"OK",

	"variants": {
        "facing=east,half=bottom,shape=straight":  		[{ "model": "block/stone/bricks/stairs/bottom/normal/n/0", "weight": 40 },
															{ "model": "block/stone/bricks/stairs/bottom/normal/n/1", "weight": 10 },
															{ "model": "block/stone/bricks/stairs/bottom/normal/n/2", "weight": 10 },
															{ "model": "block/stone/bricks/stairs/bottom/normal/n/3", "weight": 10 },
															{ "model": "block/stone/bricks/stairs/bottom/normal/n/4", "weight": 10 },
															{ "model": "block/stone/bricks/stairs/bottom/normal/n/5", "weight": 10 },
															{ "model": "block/stone/bricks/stairs/bottom/normal/n/6", "weight": 20 },
															{ "model": "block/stone/bricks/stairs/bottom/normal/n/7", "weight": 30 }],
        "facing=south,half=bottom,shape=straight":		[{ "model": "block/stone/bricks/stairs/bottom/normal/e/0", "weight": 40 },
															{ "model": "block/stone/bricks/stairs/bottom/normal/e/1", "weight": 10 },
															{ "model": "block/stone/bricks/stairs/bottom/normal/e/2", "weight": 10 },
															{ "model": "block/stone/bricks/stairs/bottom/normal/e/3", "weight": 10 },
															{ "model": "block/stone/bricks/stairs/bottom/normal/e/4", "weight": 10 },
															{ "model": "block/stone/bricks/stairs/bottom/normal/e/5", "weight": 10 },
															{ "model": "block/stone/bricks/stairs/bottom/normal/e/6", "weight": 20 },
															{ "model": "block/stone/bricks/stairs/bottom/normal/e/7", "weight": 30 }],
        "facing=west,half=bottom,shape=straight":  		[{ "model": "block/stone/bricks/stairs/bottom/normal/s/0", "weight": 40 },
															{ "model": "block/stone/bricks/stairs/bottom/normal/s/1", "weight": 10 },
															{ "model": "block/stone/bricks/stairs/bottom/normal/s/2", "weight": 10 },
															{ "model": "block/stone/bricks/stairs/bottom/normal/s/3", "weight": 10 },
															{ "model": "block/stone/bricks/stairs/bottom/normal/s/4", "weight": 10 },
															{ "model": "block/stone/bricks/stairs/bottom/normal/s/5", "weight": 10 },
															{ "model": "block/stone/bricks/stairs/bottom/normal/s/6", "weight": 20 },
															{ "model": "block/stone/bricks/stairs/bottom/normal/s/7", "weight": 30 }],
        "facing=north,half=bottom,shape=straight": 		[{ "model": "block/stone/bricks/stairs/bottom/normal/w/0", "weight": 40 },
															{ "model": "block/stone/bricks/stairs/bottom/normal/w/1", "weight": 10 },
															{ "model": "block/stone/bricks/stairs/bottom/normal/w/2", "weight": 10 },
															{ "model": "block/stone/bricks/stairs/bottom/normal/w/3", "weight": 10 },
															{ "model": "block/stone/bricks/stairs/bottom/normal/w/4", "weight": 10 },
															{ "model": "block/stone/bricks/stairs/bottom/normal/w/5", "weight": 10 },
															{ "model": "block/stone/bricks/stairs/bottom/normal/w/6", "weight": 20 },
															{ "model": "block/stone/bricks/stairs/bottom/normal/w/7", "weight": 30 }],
        "facing=east,half=bottom,shape=outer_right":  	[{ "model": "block/stone/bricks/stairs/bottom/outer/n/0", "weight": 40 },
															{ "model": "block/stone/bricks/stairs/bottom/outer/n/1", "weight": 10 },
															{ "model": "block/stone/bricks/stairs/bottom/outer/n/2", "weight": 10 },
															{ "model": "block/stone/bricks/stairs/bottom/outer/n/3", "weight": 10 },
															{ "model": "block/stone/bricks/stairs/bottom/outer/n/4", "weight": 10 },
															{ "model": "block/stone/bricks/stairs/bottom/outer/n/5", "weight": 10 },
															{ "model": "block/stone/bricks/stairs/bottom/outer/n/6", "weight": 20 },
															{ "model": "block/stone/bricks/stairs/bottom/outer/n/7", "weight": 30 }],
        "facing=south,half=bottom,shape=outer_right": 	[{ "model": "block/stone/bricks/stairs/bottom/outer/e/0", "weight": 40 },
															{ "model": "block/stone/bricks/stairs/bottom/outer/e/1", "weight": 10 },
															{ "model": "block/stone/bricks/stairs/bottom/outer/e/2", "weight": 10 },
															{ "model": "block/stone/bricks/stairs/bottom/outer/e/3", "weight": 10 },
															{ "model": "block/stone/bricks/stairs/bottom/outer/e/4", "weight": 10 },
															{ "model": "block/stone/bricks/stairs/bottom/outer/e/5", "weight": 10 },
															{ "model": "block/stone/bricks/stairs/bottom/outer/e/6", "weight": 20 },
															{ "model": "block/stone/bricks/stairs/bottom/outer/e/7", "weight": 30 }],
        "facing=west,half=bottom,shape=outer_right":  	[{ "model": "block/stone/bricks/stairs/bottom/outer/s/0", "weight": 40 },
															{ "model": "block/stone/bricks/stairs/bottom/outer/s/1", "weight": 10 },
															{ "model": "block/stone/bricks/stairs/bottom/outer/s/2", "weight": 10 },
															{ "model": "block/stone/bricks/stairs/bottom/outer/s/3", "weight": 10 },
															{ "model": "block/stone/bricks/stairs/bottom/outer/s/4", "weight": 10 },
															{ "model": "block/stone/bricks/stairs/bottom/outer/s/5", "weight": 10 },
															{ "model": "block/stone/bricks/stairs/bottom/outer/s/6", "weight": 20 },
															{ "model": "block/stone/bricks/stairs/bottom/outer/s/7", "weight": 30 }],
        "facing=north,half=bottom,shape=outer_right": 	[{ "model": "block/stone/bricks/stairs/bottom/outer/w/0", "weight": 40 },
															{ "model": "block/stone/bricks/stairs/bottom/outer/w/1", "weight": 10 },
															{ "model": "block/stone/bricks/stairs/bottom/outer/w/2", "weight": 10 },
															{ "model": "block/stone/bricks/stairs/bottom/outer/w/3", "weight": 10 },
															{ "model": "block/stone/bricks/stairs/bottom/outer/w/4", "weight": 10 },
															{ "model": "block/stone/bricks/stairs/bottom/outer/w/5", "weight": 10 },
															{ "model": "block/stone/bricks/stairs/bottom/outer/w/6", "weight": 20 },
															{ "model": "block/stone/bricks/stairs/bottom/outer/w/7", "weight": 30 }],
        "facing=east,half=bottom,shape=outer_left":  	[{ "model": "block/stone/bricks/stairs/bottom/outer/w/0", "weight": 40 },
															{ "model": "block/stone/bricks/stairs/bottom/outer/w/1", "weight": 10 },
															{ "model": "block/stone/bricks/stairs/bottom/outer/w/2", "weight": 10 },
															{ "model": "block/stone/bricks/stairs/bottom/outer/w/3", "weight": 10 },
															{ "model": "block/stone/bricks/stairs/bottom/outer/w/4", "weight": 10 },
															{ "model": "block/stone/bricks/stairs/bottom/outer/w/5", "weight": 10 },
															{ "model": "block/stone/bricks/stairs/bottom/outer/w/6", "weight": 20 },
															{ "model": "block/stone/bricks/stairs/bottom/outer/w/7", "weight": 30 }],
        "facing=south,half=bottom,shape=outer_left": 	[{ "model": "block/stone/bricks/stairs/bottom/outer/n/0", "weight": 40 },
															{ "model": "block/stone/bricks/stairs/bottom/outer/n/1", "weight": 10 },
															{ "model": "block/stone/bricks/stairs/bottom/outer/n/2", "weight": 10 },
															{ "model": "block/stone/bricks/stairs/bottom/outer/n/3", "weight": 10 },
															{ "model": "block/stone/bricks/stairs/bottom/outer/n/4", "weight": 10 },
															{ "model": "block/stone/bricks/stairs/bottom/outer/n/5", "weight": 10 },
															{ "model": "block/stone/bricks/stairs/bottom/outer/n/6", "weight": 20 },
															{ "model": "block/stone/bricks/stairs/bottom/outer/n/7", "weight": 30 }],
        "facing=west,half=bottom,shape=outer_left":  	[{ "model": "block/stone/bricks/stairs/bottom/outer/e/0", "weight": 40 },
															{ "model": "block/stone/bricks/stairs/bottom/outer/e/1", "weight": 10 },
															{ "model": "block/stone/bricks/stairs/bottom/outer/e/2", "weight": 10 },
															{ "model": "block/stone/bricks/stairs/bottom/outer/e/3", "weight": 10 },
															{ "model": "block/stone/bricks/stairs/bottom/outer/e/4", "weight": 10 },
															{ "model": "block/stone/bricks/stairs/bottom/outer/e/5", "weight": 10 },
															{ "model": "block/stone/bricks/stairs/bottom/outer/e/6", "weight": 20 },
															{ "model": "block/stone/bricks/stairs/bottom/outer/e/7", "weight": 30 }],
        "facing=north,half=bottom,shape=outer_left": 	[{ "model": "block/stone/bricks/stairs/bottom/outer/s/0", "weight": 40 },
															{ "model": "block/stone/bricks/stairs/bottom/outer/s/1", "weight": 10 },
															{ "model": "block/stone/bricks/stairs/bottom/outer/s/2", "weight": 10 },
															{ "model": "block/stone/bricks/stairs/bottom/outer/s/3", "weight": 10 },
															{ "model": "block/stone/bricks/stairs/bottom/outer/s/4", "weight": 10 },
															{ "model": "block/stone/bricks/stairs/bottom/outer/s/5", "weight": 10 },
															{ "model": "block/stone/bricks/stairs/bottom/outer/s/6", "weight": 20 },
															{ "model": "block/stone/bricks/stairs/bottom/outer/s/7", "weight": 30 }],
        "facing=east,half=bottom,shape=inner_right":  	[{ "model": "block/stone/bricks/stairs/bottom/inner/s/0", "weight": 40 },
															{ "model": "block/stone/bricks/stairs/bottom/inner/s/1", "weight": 10 },
															{ "model": "block/stone/bricks/stairs/bottom/inner/s/2", "weight": 10 },
															{ "model": "block/stone/bricks/stairs/bottom/inner/s/3", "weight": 10 },
															{ "model": "block/stone/bricks/stairs/bottom/inner/s/4", "weight": 10 },
															{ "model": "block/stone/bricks/stairs/bottom/inner/s/5", "weight": 10 },
															{ "model": "block/stone/bricks/stairs/bottom/inner/s/6", "weight": 20 },
															{ "model": "block/stone/bricks/stairs/bottom/inner/s/7", "weight": 30 }],
        "facing=south,half=bottom,shape=inner_right": 	[{ "model": "block/stone/bricks/stairs/bottom/inner/w/0", "weight": 40 },
															{ "model": "block/stone/bricks/stairs/bottom/inner/w/1", "weight": 10 },
															{ "model": "block/stone/bricks/stairs/bottom/inner/w/2", "weight": 10 },
															{ "model": "block/stone/bricks/stairs/bottom/inner/w/3", "weight": 10 },
															{ "model": "block/stone/bricks/stairs/bottom/inner/w/4", "weight": 10 },
															{ "model": "block/stone/bricks/stairs/bottom/inner/w/5", "weight": 10 },
															{ "model": "block/stone/bricks/stairs/bottom/inner/w/6", "weight": 20 },
															{ "model": "block/stone/bricks/stairs/bottom/inner/w/7", "weight": 30 }],
        "facing=west,half=bottom,shape=inner_right":  	[{ "model": "block/stone/bricks/stairs/bottom/inner/n/0", "weight": 40 },
															{ "model": "block/stone/bricks/stairs/bottom/inner/n/1", "weight": 10 },
															{ "model": "block/stone/bricks/stairs/bottom/inner/n/2", "weight": 10 },
															{ "model": "block/stone/bricks/stairs/bottom/inner/n/3", "weight": 10 },
															{ "model": "block/stone/bricks/stairs/bottom/inner/n/4", "weight": 10 },
															{ "model": "block/stone/bricks/stairs/bottom/inner/n/5", "weight": 10 },
															{ "model": "block/stone/bricks/stairs/bottom/inner/n/6", "weight": 20 },
															{ "model": "block/stone/bricks/stairs/bottom/inner/n/7", "weight": 30 }],
        "facing=north,half=bottom,shape=inner_right": 	[{ "model": "block/stone/bricks/stairs/bottom/inner/e/0", "weight": 40 },
															{ "model": "block/stone/bricks/stairs/bottom/inner/e/1", "weight": 10 },
															{ "model": "block/stone/bricks/stairs/bottom/inner/e/2", "weight": 10 },
															{ "model": "block/stone/bricks/stairs/bottom/inner/e/3", "weight": 10 },
															{ "model": "block/stone/bricks/stairs/bottom/inner/e/4", "weight": 10 },
															{ "model": "block/stone/bricks/stairs/bottom/inner/e/5", "weight": 10 },
															{ "model": "block/stone/bricks/stairs/bottom/inner/e/6", "weight": 20 },
															{ "model": "block/stone/bricks/stairs/bottom/inner/e/7", "weight": 30 }],
        "facing=east,half=bottom,shape=inner_left":  	[{ "model": "block/stone/bricks/stairs/bottom/inner/e/0", "weight": 40 },
															{ "model": "block/stone/bricks/stairs/bottom/inner/e/1", "weight": 10 },
															{ "model": "block/stone/bricks/stairs/bottom/inner/e/2", "weight": 10 },
															{ "model": "block/stone/bricks/stairs/bottom/inner/e/3", "weight": 10 },
															{ "model": "block/stone/bricks/stairs/bottom/inner/e/4", "weight": 10 },
															{ "model": "block/stone/bricks/stairs/bottom/inner/e/5", "weight": 10 },
															{ "model": "block/stone/bricks/stairs/bottom/inner/e/6", "weight": 20 },
															{ "model": "block/stone/bricks/stairs/bottom/inner/e/7", "weight": 30 }],
        "facing=south,half=bottom,shape=inner_left": 	[{ "model": "block/stone/bricks/stairs/bottom/inner/s/0", "weight": 40 },
															{ "model": "block/stone/bricks/stairs/bottom/inner/s/1", "weight": 10 },
															{ "model": "block/stone/bricks/stairs/bottom/inner/s/2", "weight": 10 },
															{ "model": "block/stone/bricks/stairs/bottom/inner/s/3", "weight": 10 },
															{ "model": "block/stone/bricks/stairs/bottom/inner/s/4", "weight": 10 },
															{ "model": "block/stone/bricks/stairs/bottom/inner/s/5", "weight": 10 },
															{ "model": "block/stone/bricks/stairs/bottom/inner/s/6", "weight": 20 },
															{ "model": "block/stone/bricks/stairs/bottom/inner/s/7", "weight": 30 }],
        "facing=west,half=bottom,shape=inner_left":  	[{ "model": "block/stone/bricks/stairs/bottom/inner/w/0", "weight": 40 },
															{ "model": "block/stone/bricks/stairs/bottom/inner/w/1", "weight": 10 },
															{ "model": "block/stone/bricks/stairs/bottom/inner/w/2", "weight": 10 },
															{ "model": "block/stone/bricks/stairs/bottom/inner/w/3", "weight": 10 },
															{ "model": "block/stone/bricks/stairs/bottom/inner/w/4", "weight": 10 },
															{ "model": "block/stone/bricks/stairs/bottom/inner/w/5", "weight": 10 },
															{ "model": "block/stone/bricks/stairs/bottom/inner/w/6", "weight": 20 },
															{ "model": "block/stone/bricks/stairs/bottom/inner/w/7", "weight": 30 }],
        "facing=north,half=bottom,shape=inner_left": 	[{ "model": "block/stone/bricks/stairs/bottom/inner/n/0", "weight": 40 },
															{ "model": "block/stone/bricks/stairs/bottom/inner/n/1", "weight": 10 },
															{ "model": "block/stone/bricks/stairs/bottom/inner/n/2", "weight": 10 },
															{ "model": "block/stone/bricks/stairs/bottom/inner/n/3", "weight": 10 },
															{ "model": "block/stone/bricks/stairs/bottom/inner/n/4", "weight": 10 },
															{ "model": "block/stone/bricks/stairs/bottom/inner/n/5", "weight": 10 },
															{ "model": "block/stone/bricks/stairs/bottom/inner/n/6", "weight": 20 },
															{ "model": "block/stone/bricks/stairs/bottom/inner/n/7", "weight": 30 }],
															
															
        "facing=east,half=top,shape=straight":  		[{ "model": "block/stone/bricks/stairs/top/normal/n/0", "weight": 40 },
															{ "model": "block/stone/bricks/stairs/top/normal/n/1", "weight": 10 },
															{ "model": "block/stone/bricks/stairs/top/normal/n/2", "weight": 10 },
															{ "model": "block/stone/bricks/stairs/top/normal/n/3", "weight": 10 },
															{ "model": "block/stone/bricks/stairs/top/normal/n/4", "weight": 10 },
															{ "model": "block/stone/bricks/stairs/top/normal/n/5", "weight": 10 },
															{ "model": "block/stone/bricks/stairs/top/normal/n/6", "weight": 20 },
															{ "model": "block/stone/bricks/stairs/top/normal/n/7", "weight": 30 }],
        "facing=south,half=top,shape=straight":		[{ "model": "block/stone/bricks/stairs/top/normal/e/0", "weight": 40 },
															{ "model": "block/stone/bricks/stairs/top/normal/e/1", "weight": 10 },
															{ "model": "block/stone/bricks/stairs/top/normal/e/2", "weight": 10 },
															{ "model": "block/stone/bricks/stairs/top/normal/e/3", "weight": 10 },
															{ "model": "block/stone/bricks/stairs/top/normal/e/4", "weight": 10 },
															{ "model": "block/stone/bricks/stairs/top/normal/e/5", "weight": 10 },
															{ "model": "block/stone/bricks/stairs/top/normal/e/6", "weight": 20 },
															{ "model": "block/stone/bricks/stairs/top/normal/e/7", "weight": 30 }],
        "facing=west,half=top,shape=straight":  		[{ "model": "block/stone/bricks/stairs/top/normal/s/0", "weight": 40 },
															{ "model": "block/stone/bricks/stairs/top/normal/s/1", "weight": 10 },
															{ "model": "block/stone/bricks/stairs/top/normal/s/2", "weight": 10 },
															{ "model": "block/stone/bricks/stairs/top/normal/s/3", "weight": 10 },
															{ "model": "block/stone/bricks/stairs/top/normal/s/4", "weight": 10 },
															{ "model": "block/stone/bricks/stairs/top/normal/s/5", "weight": 10 },
															{ "model": "block/stone/bricks/stairs/top/normal/s/6", "weight": 20 },
															{ "model": "block/stone/bricks/stairs/top/normal/s/7", "weight": 30 }],
        "facing=north,half=top,shape=straight": 		[{ "model": "block/stone/bricks/stairs/top/normal/w/0", "weight": 40 },
															{ "model": "block/stone/bricks/stairs/top/normal/w/1", "weight": 10 },
															{ "model": "block/stone/bricks/stairs/top/normal/w/2", "weight": 10 },
															{ "model": "block/stone/bricks/stairs/top/normal/w/3", "weight": 10 },
															{ "model": "block/stone/bricks/stairs/top/normal/w/4", "weight": 10 },
															{ "model": "block/stone/bricks/stairs/top/normal/w/5", "weight": 10 },
															{ "model": "block/stone/bricks/stairs/top/normal/w/6", "weight": 20 },
															{ "model": "block/stone/bricks/stairs/top/normal/w/7", "weight": 30 }],
        "facing=east,half=top,shape=outer_right":  	[{ "model": "block/stone/bricks/stairs/top/outer/n/0", "weight": 40 },
															{ "model": "block/stone/bricks/stairs/top/outer/n/1", "weight": 10 },
															{ "model": "block/stone/bricks/stairs/top/outer/n/2", "weight": 10 },
															{ "model": "block/stone/bricks/stairs/top/outer/n/3", "weight": 10 },
															{ "model": "block/stone/bricks/stairs/top/outer/n/4", "weight": 10 },
															{ "model": "block/stone/bricks/stairs/top/outer/n/5", "weight": 10 },
															{ "model": "block/stone/bricks/stairs/top/outer/n/6", "weight": 20 },
															{ "model": "block/stone/bricks/stairs/top/outer/n/7", "weight": 30 }],
        "facing=south,half=top,shape=outer_right": 	[{ "model": "block/stone/bricks/stairs/top/outer/e/0", "weight": 40 },
															{ "model": "block/stone/bricks/stairs/top/outer/e/1", "weight": 10 },
															{ "model": "block/stone/bricks/stairs/top/outer/e/2", "weight": 10 },
															{ "model": "block/stone/bricks/stairs/top/outer/e/3", "weight": 10 },
															{ "model": "block/stone/bricks/stairs/top/outer/e/4", "weight": 10 },
															{ "model": "block/stone/bricks/stairs/top/outer/e/5", "weight": 10 },
															{ "model": "block/stone/bricks/stairs/top/outer/e/6", "weight": 20 },
															{ "model": "block/stone/bricks/stairs/top/outer/e/7", "weight": 30 }],
        "facing=west,half=top,shape=outer_right":  	[{ "model": "block/stone/bricks/stairs/top/outer/s/0", "weight": 40 },
															{ "model": "block/stone/bricks/stairs/top/outer/s/1", "weight": 10 },
															{ "model": "block/stone/bricks/stairs/top/outer/s/2", "weight": 10 },
															{ "model": "block/stone/bricks/stairs/top/outer/s/3", "weight": 10 },
															{ "model": "block/stone/bricks/stairs/top/outer/s/4", "weight": 10 },
															{ "model": "block/stone/bricks/stairs/top/outer/s/5", "weight": 10 },
															{ "model": "block/stone/bricks/stairs/top/outer/s/6", "weight": 20 },
															{ "model": "block/stone/bricks/stairs/top/outer/s/7", "weight": 30 }],
        "facing=north,half=top,shape=outer_right": 	[{ "model": "block/stone/bricks/stairs/top/outer/w/0", "weight": 40 },
															{ "model": "block/stone/bricks/stairs/top/outer/w/1", "weight": 10 },
															{ "model": "block/stone/bricks/stairs/top/outer/w/2", "weight": 10 },
															{ "model": "block/stone/bricks/stairs/top/outer/w/3", "weight": 10 },
															{ "model": "block/stone/bricks/stairs/top/outer/w/4", "weight": 10 },
															{ "model": "block/stone/bricks/stairs/top/outer/w/5", "weight": 10 },
															{ "model": "block/stone/bricks/stairs/top/outer/w/6", "weight": 20 },
															{ "model": "block/stone/bricks/stairs/top/outer/w/7", "weight": 30 }],
        "facing=east,half=top,shape=outer_left":  	[{ "model": "block/stone/bricks/stairs/top/outer/w/0", "weight": 40 },
															{ "model": "block/stone/bricks/stairs/top/outer/w/1", "weight": 10 },
															{ "model": "block/stone/bricks/stairs/top/outer/w/2", "weight": 10 },
															{ "model": "block/stone/bricks/stairs/top/outer/w/3", "weight": 10 },
															{ "model": "block/stone/bricks/stairs/top/outer/w/4", "weight": 10 },
															{ "model": "block/stone/bricks/stairs/top/outer/w/5", "weight": 10 },
															{ "model": "block/stone/bricks/stairs/top/outer/w/6", "weight": 20 },
															{ "model": "block/stone/bricks/stairs/top/outer/w/7", "weight": 30 }],
        "facing=south,half=top,shape=outer_left": 	[{ "model": "block/stone/bricks/stairs/top/outer/n/0", "weight": 40 },
															{ "model": "block/stone/bricks/stairs/top/outer/n/1", "weight": 10 },
															{ "model": "block/stone/bricks/stairs/top/outer/n/2", "weight": 10 },
															{ "model": "block/stone/bricks/stairs/top/outer/n/3", "weight": 10 },
															{ "model": "block/stone/bricks/stairs/top/outer/n/4", "weight": 10 },
															{ "model": "block/stone/bricks/stairs/top/outer/n/5", "weight": 10 },
															{ "model": "block/stone/bricks/stairs/top/outer/n/6", "weight": 20 },
															{ "model": "block/stone/bricks/stairs/top/outer/n/7", "weight": 30 }],
        "facing=west,half=top,shape=outer_left":  	[{ "model": "block/stone/bricks/stairs/top/outer/e/0", "weight": 40 },
															{ "model": "block/stone/bricks/stairs/top/outer/e/1", "weight": 10 },
															{ "model": "block/stone/bricks/stairs/top/outer/e/2", "weight": 10 },
															{ "model": "block/stone/bricks/stairs/top/outer/e/3", "weight": 10 },
															{ "model": "block/stone/bricks/stairs/top/outer/e/4", "weight": 10 },
															{ "model": "block/stone/bricks/stairs/top/outer/e/5", "weight": 10 },
															{ "model": "block/stone/bricks/stairs/top/outer/e/6", "weight": 20 },
															{ "model": "block/stone/bricks/stairs/top/outer/e/7", "weight": 30 }],
        "facing=north,half=top,shape=outer_left": 	[{ "model": "block/stone/bricks/stairs/top/outer/s/0", "weight": 40 },
															{ "model": "block/stone/bricks/stairs/top/outer/s/1", "weight": 10 },
															{ "model": "block/stone/bricks/stairs/top/outer/s/2", "weight": 10 },
															{ "model": "block/stone/bricks/stairs/top/outer/s/3", "weight": 10 },
															{ "model": "block/stone/bricks/stairs/top/outer/s/4", "weight": 10 },
															{ "model": "block/stone/bricks/stairs/top/outer/s/5", "weight": 10 },
															{ "model": "block/stone/bricks/stairs/top/outer/s/6", "weight": 20 },
															{ "model": "block/stone/bricks/stairs/top/outer/s/7", "weight": 30 }],
        "facing=east,half=top,shape=inner_right":  	[{ "model": "block/stone/bricks/stairs/top/inner/e/0", "weight": 40 },
															{ "model": "block/stone/bricks/stairs/top/inner/e/1", "weight": 10 },
															{ "model": "block/stone/bricks/stairs/top/inner/e/2", "weight": 10 },
															{ "model": "block/stone/bricks/stairs/top/inner/e/3", "weight": 10 },
															{ "model": "block/stone/bricks/stairs/top/inner/e/4", "weight": 10 },
															{ "model": "block/stone/bricks/stairs/top/inner/e/5", "weight": 10 },
															{ "model": "block/stone/bricks/stairs/top/inner/e/6", "weight": 20 },
															{ "model": "block/stone/bricks/stairs/top/inner/e/7", "weight": 30 }],
        "facing=south,half=top,shape=inner_right": 	[{ "model": "block/stone/bricks/stairs/top/inner/s/0", "weight": 40 },
															{ "model": "block/stone/bricks/stairs/top/inner/s/1", "weight": 10 },
															{ "model": "block/stone/bricks/stairs/top/inner/s/2", "weight": 10 },
															{ "model": "block/stone/bricks/stairs/top/inner/s/3", "weight": 10 },
															{ "model": "block/stone/bricks/stairs/top/inner/s/4", "weight": 10 },
															{ "model": "block/stone/bricks/stairs/top/inner/s/5", "weight": 10 },
															{ "model": "block/stone/bricks/stairs/top/inner/s/6", "weight": 20 },
															{ "model": "block/stone/bricks/stairs/top/inner/s/7", "weight": 30 }],
        "facing=west,half=top,shape=inner_right":  	[{ "model": "block/stone/bricks/stairs/top/inner/w/0", "weight": 40 },
															{ "model": "block/stone/bricks/stairs/top/inner/w/1", "weight": 10 },
															{ "model": "block/stone/bricks/stairs/top/inner/w/2", "weight": 10 },
															{ "model": "block/stone/bricks/stairs/top/inner/w/3", "weight": 10 },
															{ "model": "block/stone/bricks/stairs/top/inner/w/4", "weight": 10 },
															{ "model": "block/stone/bricks/stairs/top/inner/w/5", "weight": 10 },
															{ "model": "block/stone/bricks/stairs/top/inner/w/6", "weight": 20 },
															{ "model": "block/stone/bricks/stairs/top/inner/w/7", "weight": 30 }],
        "facing=north,half=top,shape=inner_right": 	[{ "model": "block/stone/bricks/stairs/top/inner/n/0", "weight": 40 },
															{ "model": "block/stone/bricks/stairs/top/inner/n/1", "weight": 10 },
															{ "model": "block/stone/bricks/stairs/top/inner/n/2", "weight": 10 },
															{ "model": "block/stone/bricks/stairs/top/inner/n/3", "weight": 10 },
															{ "model": "block/stone/bricks/stairs/top/inner/n/4", "weight": 10 },
															{ "model": "block/stone/bricks/stairs/top/inner/n/5", "weight": 10 },
															{ "model": "block/stone/bricks/stairs/top/inner/n/6", "weight": 20 },
															{ "model": "block/stone/bricks/stairs/top/inner/n/7", "weight": 30 }],
        "facing=east,half=top,shape=inner_left":  	[{ "model": "block/stone/bricks/stairs/top/inner/n/0", "weight": 40 },
															{ "model": "block/stone/bricks/stairs/top/inner/n/1", "weight": 10 },
															{ "model": "block/stone/bricks/stairs/top/inner/n/2", "weight": 10 },
															{ "model": "block/stone/bricks/stairs/top/inner/n/3", "weight": 10 },
															{ "model": "block/stone/bricks/stairs/top/inner/n/4", "weight": 10 },
															{ "model": "block/stone/bricks/stairs/top/inner/n/5", "weight": 10 },
															{ "model": "block/stone/bricks/stairs/top/inner/n/6", "weight": 20 },
															{ "model": "block/stone/bricks/stairs/top/inner/n/7", "weight": 30 }],
        "facing=south,half=top,shape=inner_left": 	[{ "model": "block/stone/bricks/stairs/top/inner/e/0", "weight": 40 },
															{ "model": "block/stone/bricks/stairs/top/inner/e/1", "weight": 10 },
															{ "model": "block/stone/bricks/stairs/top/inner/e/2", "weight": 10 },
															{ "model": "block/stone/bricks/stairs/top/inner/e/3", "weight": 10 },
															{ "model": "block/stone/bricks/stairs/top/inner/e/4", "weight": 10 },
															{ "model": "block/stone/bricks/stairs/top/inner/e/5", "weight": 10 },
															{ "model": "block/stone/bricks/stairs/top/inner/e/6", "weight": 20 },
															{ "model": "block/stone/bricks/stairs/top/inner/e/7", "weight": 30 }],
        "facing=west,half=top,shape=inner_left":  	[{ "model": "block/stone/bricks/stairs/top/inner/s/0", "weight": 40 },
															{ "model": "block/stone/bricks/stairs/top/inner/s/1", "weight": 10 },
															{ "model": "block/stone/bricks/stairs/top/inner/s/2", "weight": 10 },
															{ "model": "block/stone/bricks/stairs/top/inner/s/3", "weight": 10 },
															{ "model": "block/stone/bricks/stairs/top/inner/s/4", "weight": 10 },
															{ "model": "block/stone/bricks/stairs/top/inner/s/5", "weight": 10 },
															{ "model": "block/stone/bricks/stairs/top/inner/s/6", "weight": 20 },
															{ "model": "block/stone/bricks/stairs/top/inner/s/7", "weight": 30 }],
        "facing=north,half=top,shape=inner_left": 	[{ "model": "block/stone/bricks/stairs/top/inner/w/0", "weight": 40 },
															{ "model": "block/stone/bricks/stairs/top/inner/w/1", "weight": 10 },
															{ "model": "block/stone/bricks/stairs/top/inner/w/2", "weight": 10 },
															{ "model": "block/stone/bricks/stairs/top/inner/w/3", "weight": 10 },
															{ "model": "block/stone/bricks/stairs/top/inner/w/4", "weight": 10 },
															{ "model": "block/stone/bricks/stairs/top/inner/w/5", "weight": 10 },
															{ "model": "block/stone/bricks/stairs/top/inner/w/6", "weight": 20 },
															{ "model": "block/stone/bricks/stairs/top/inner/w/7", "weight": 30 }]
    }
}
