{
"__comment":"Made by Know2Good, part of the 'Default 3D' resource pack || Official download page: http://www.planetminecraft.com/texture_pack/default-3d-2985741/ || © Know2Good. All rights reserved. ",
	"variants": {
        "type=bottom":[
			{ "model": "block/wood/planks/slab/bottom/dark_oak/0", "weight": 40 },
			
			{ "model": "block/wood/planks/slab/bottom/dark_oak/1", "weight": 30 },
			{ "model": "block/wood/planks/slab/bottom/dark_oak/2", "weight": 30 },
			{ "model": "block/wood/planks/slab/bottom/dark_oak/3", "weight": 30 },
			{ "model": "block/wood/planks/slab/bottom/dark_oak/4", "weight": 30 },
			
			{ "model": "block/wood/planks/slab/bottom/dark_oak/5", "weight": 10 },
			{ "model": "block/wood/planks/slab/bottom/dark_oak/6", "weight": 10 },
			{ "model": "block/wood/planks/slab/bottom/dark_oak/7", "weight": 10 },
			{ "model": "block/wood/planks/slab/bottom/dark_oak/8", "weight": 10 },
			{ "model": "block/wood/planks/slab/bottom/dark_oak/9", "weight": 10 },
			{ "model": "block/wood/planks/slab/bottom/dark_oak/10", "weight": 10 },
			
			{ "model": "block/wood/planks/slab/bottom/dark_oak/11", "weight": 10 },
			{ "model": "block/wood/planks/slab/bottom/dark_oak/12", "weight": 10 },
			{ "model": "block/wood/planks/slab/bottom/dark_oak/13", "weight": 10 },
			{ "model": "block/wood/planks/slab/bottom/dark_oak/14", "weight": 10 },
			
			{ "model": "block/wood/planks/slab/bottom/dark_oak/15", "weight": 5 }
		],
        "type=top":[
			{ "model": "block/wood/planks/slab/top/dark_oak/0", "weight": 40 },
			
			{ "model": "block/wood/planks/slab/top/dark_oak/1", "weight": 30 },
			{ "model": "block/wood/planks/slab/top/dark_oak/2", "weight": 30 },
			{ "model": "block/wood/planks/slab/top/dark_oak/3", "weight": 30 },
			{ "model": "block/wood/planks/slab/top/dark_oak/4", "weight": 30 },
			
			{ "model": "block/wood/planks/slab/top/dark_oak/5", "weight": 10 },
			{ "model": "block/wood/planks/slab/top/dark_oak/6", "weight": 10 },
			{ "model": "block/wood/planks/slab/top/dark_oak/7", "weight": 10 },
			{ "model": "block/wood/planks/slab/top/dark_oak/8", "weight": 10 },
			{ "model": "block/wood/planks/slab/top/dark_oak/9", "weight": 10 },
			{ "model": "block/wood/planks/slab/top/dark_oak/10", "weight": 10 },
			
			{ "model": "block/wood/planks/slab/top/dark_oak/11", "weight": 10 },
			{ "model": "block/wood/planks/slab/top/dark_oak/12", "weight": 10 },
			{ "model": "block/wood/planks/slab/top/dark_oak/13", "weight": 10 },
			{ "model": "block/wood/planks/slab/top/dark_oak/14", "weight": 10 },
			
			{ "model": "block/wood/planks/slab/top/dark_oak/15", "weight": 5 }
		],
        "type=double": [
			{ "model": "block/wood/planks/block/dark_oak/0", "weight": 40 },
			
			{ "model": "block/wood/planks/block/dark_oak/1", "weight": 30 },
			{ "model": "block/wood/planks/block/dark_oak/2", "weight": 30 },
			{ "model": "block/wood/planks/block/dark_oak/3", "weight": 30 },
			{ "model": "block/wood/planks/block/dark_oak/4", "weight": 30 },
			
			{ "model": "block/wood/planks/block/dark_oak/5", "weight": 10 },
			{ "model": "block/wood/planks/block/dark_oak/6", "weight": 10 },
			{ "model": "block/wood/planks/block/dark_oak/7", "weight": 10 },
			{ "model": "block/wood/planks/block/dark_oak/8", "weight": 10 },
			{ "model": "block/wood/planks/block/dark_oak/9", "weight": 10 },
			{ "model": "block/wood/planks/block/dark_oak/10", "weight": 10 },
			
			{ "model": "block/wood/planks/block/dark_oak/11", "weight": 10 },
			{ "model": "block/wood/planks/block/dark_oak/12", "weight": 10 },
			{ "model": "block/wood/planks/block/dark_oak/13", "weight": 10 },
			{ "model": "block/wood/planks/block/dark_oak/14", "weight": 10 },
			
			{ "model": "block/wood/planks/block/dark_oak/15", "weight": 5 }
        ]
    }
}

