{
"__comment":"Made by Know2Good, part of the 'Default 3D' resource pack || Official download page: http://www.planetminecraft.com/texture_pack/default-3d-2985741/ || © Know2Good. All rights reserved. ",
    "variants": {
        "": [{ "model": "block/wood/bark/jungle/0", "weight": 10 },
							{ "model": "block/wood/bark/jungle/0", "x": 180, "weight": 10 },
							{ "model": "block/wood/bark/jungle/0", "y": 90, "weight": 10 },
							{ "model": "block/wood/bark/jungle/0", "y": 90, "x": 180, "weight": 10 },
							{ "model": "block/wood/bark/jungle/1", "weight": 10 },
							{ "model": "block/wood/bark/jungle/1", "x": 180, "weight": 10 },
							{ "model": "block/wood/bark/jungle/1", "y": 90, "weight": 10 },
							{ "model": "block/wood/bark/jungle/1", "y": 90, "x": 180, "weight": 10 },
							{ "model": "block/wood/bark/jungle/2", "weight": 10 },
							{ "model": "block/wood/bark/jungle/2", "x": 180, "weight": 10 },
							{ "model": "block/wood/bark/jungle/2", "y": 90, "weight": 10 },
							{ "model": "block/wood/bark/jungle/2", "y": 90, "x": 180, "weight": 10 },
							{ "model": "block/wood/bark/jungle/3", "weight": 10 },
							{ "model": "block/wood/bark/jungle/3", "x": 180, "weight": 10 },
							{ "model": "block/wood/bark/jungle/3", "y": 90, "weight": 10 },
							{ "model": "block/wood/bark/jungle/3", "y": 90, "x": 180, "weight": 10 },
							{ "model": "block/wood/bark/jungle/4", "weight": 10 },
							{ "model": "block/wood/bark/jungle/4", "x": 180, "weight": 10 },
							{ "model": "block/wood/bark/jungle/4", "y": 90, "weight": 10 },
							{ "model": "block/wood/bark/jungle/4", "y": 90, "x": 180, "weight": 10 },
							{ "model": "block/wood/bark/jungle/5", "weight": 10 },
							{ "model": "block/wood/bark/jungle/5", "x": 180, "weight": 10 },
							{ "model": "block/wood/bark/jungle/5", "y": 90, "weight": 10 },
							{ "model": "block/wood/bark/jungle/5", "y": 90, "x": 180, "weight": 10 },
							{ "model": "block/wood/bark/jungle/6", "weight": 10 },
							{ "model": "block/wood/bark/jungle/6", "x": 180, "weight": 10 },
							{ "model": "block/wood/bark/jungle/6", "y": 90, "weight": 10 },
							{ "model": "block/wood/bark/jungle/6", "y": 90, "x": 180, "weight": 10 },
							{ "model": "block/wood/bark/jungle/7", "weight": 10 },
							{ "model": "block/wood/bark/jungle/7", "x": 180, "weight": 10 },
							{ "model": "block/wood/bark/jungle/7", "y": 90, "weight": 10 },
							{ "model": "block/wood/bark/jungle/7", "y": 90, "x": 180, "weight": 10 },
							{ "model": "block/wood/bark/jungle/8", "weight": 10 },
							{ "model": "block/wood/bark/jungle/8", "x": 180, "weight": 10 },
							{ "model": "block/wood/bark/jungle/8", "y": 90, "weight": 10 },
							{ "model": "block/wood/bark/jungle/8", "y": 90, "x": 180, "weight": 10 },
							{ "model": "block/wood/bark/jungle/9", "weight": 10 },
							{ "model": "block/wood/bark/jungle/9", "x": 180, "weight": 10 },
							{ "model": "block/wood/bark/jungle/9", "y": 90, "weight": 10 },
							{ "model": "block/wood/bark/jungle/9", "y": 90, "x": 180, "weight": 10 },
							{ "model": "block/wood/bark/jungle/10", "weight": 10 },
							{ "model": "block/wood/bark/jungle/10", "x": 180, "weight": 10 },
							{ "model": "block/wood/bark/jungle/10", "y": 90, "weight": 10 },
							{ "model": "block/wood/bark/jungle/10", "y": 90, "x": 180, "weight": 10 },
							{ "model": "block/wood/bark/jungle/11", "weight": 10 },
							{ "model": "block/wood/bark/jungle/11", "x": 180, "weight": 10 },
							{ "model": "block/wood/bark/jungle/11", "y": 90, "weight": 10 },
							{ "model": "block/wood/bark/jungle/11", "y": 90, "x": 180, "weight": 10 },
							{ "model": "block/wood/bark/jungle/12", "weight": 10 },
							{ "model": "block/wood/bark/jungle/12", "x": 180, "weight": 10 },
							{ "model": "block/wood/bark/jungle/12", "y": 90, "weight": 10 },
							{ "model": "block/wood/bark/jungle/12", "y": 90, "x": 180, "weight": 10 },
							{ "model": "block/wood/bark/jungle/13", "weight": 10 },
							{ "model": "block/wood/bark/jungle/13", "x": 180, "weight": 10 },
							{ "model": "block/wood/bark/jungle/13", "y": 90, "weight": 10 },
							{ "model": "block/wood/bark/jungle/13", "y": 90, "x": 180, "weight": 10 }
        ]
    }
}

