{
  "namespace": "start",

  "development_version": {
    "type": "label",
    "layer": 2,
    "text": "Bdoubleo100's Builder's Pack",
    "size": [ "default", 9 ],
    "max_size": [ "100%", "100%" ],
    "anchor_from": "center",
    "anchor_to": "center",
    "bindings": [
      {
        "binding_name": "#development_version",
        "binding_condition": "visible"
      }
    ]
  },

  "text_panel": {
    "type": "panel",
    "size": [ "100%-2px", 9 ],
    "anchor_from": "bottom_middle",
    "anchor_to": "bottom_middle",
    "controls": [
      {
        "@start.copyright": { }
      },
      {
        "@start.development_version": { }
      },
      {
        "@start.version": { }
      }
    ]
  }
}
