{
"__comment":"Made by Know2Good, part of the 'Default 3D' resource pack || Official download page: http://www.planetminecraft.com/texture_pack/default-3d-2985741/ || © Know2Good. All rights reserved. ",
    "variants": {
        "": [{ "model": "block/wood/bark/birch/0", "weight": 10 },
							{ "model": "block/wood/bark/birch/0", "x": 180, "weight": 10 },
							{ "model": "block/wood/bark/birch/0", "y": 90, "weight": 10 },
							{ "model": "block/wood/bark/birch/0", "y": 90, "x": 180, "weight": 10 },
							{ "model": "block/wood/bark/birch/1", "weight": 10 },
							{ "model": "block/wood/bark/birch/1", "x": 180, "weight": 10 },
							{ "model": "block/wood/bark/birch/1", "y": 90, "weight": 10 },
							{ "model": "block/wood/bark/birch/1", "y": 90, "x": 180, "weight": 10 },
							{ "model": "block/wood/bark/birch/2", "weight": 10 },
							{ "model": "block/wood/bark/birch/2", "x": 180, "weight": 10 },
							{ "model": "block/wood/bark/birch/2", "y": 90, "weight": 10 },
							{ "model": "block/wood/bark/birch/2", "y": 90, "x": 180, "weight": 10 },
							{ "model": "block/wood/bark/birch/3", "weight": 10 },
							{ "model": "block/wood/bark/birch/3", "x": 180, "weight": 10 },
							{ "model": "block/wood/bark/birch/3", "y": 90, "weight": 10 },
							{ "model": "block/wood/bark/birch/3", "y": 90, "x": 180, "weight": 10 },
							{ "model": "block/wood/bark/birch/4", "weight": 10 },
							{ "model": "block/wood/bark/birch/4", "x": 180, "weight": 10 },
							{ "model": "block/wood/bark/birch/4", "y": 90, "weight": 10 },
							{ "model": "block/wood/bark/birch/4", "y": 90, "x": 180, "weight": 10 },
							{ "model": "block/wood/bark/birch/5", "weight": 10 },
							{ "model": "block/wood/bark/birch/5", "x": 180, "weight": 10 },
							{ "model": "block/wood/bark/birch/5", "y": 90, "weight": 10 },
							{ "model": "block/wood/bark/birch/5", "y": 90, "x": 180, "weight": 10 },
							{ "model": "block/wood/bark/birch/6", "weight": 10 },
							{ "model": "block/wood/bark/birch/6", "x": 180, "weight": 10 },
							{ "model": "block/wood/bark/birch/6", "y": 90, "weight": 10 },
							{ "model": "block/wood/bark/birch/6", "y": 90, "x": 180, "weight": 10 },
							{ "model": "block/wood/bark/birch/7", "weight": 10 },
							{ "model": "block/wood/bark/birch/7", "x": 180, "weight": 10 },
							{ "model": "block/wood/bark/birch/7", "y": 90, "weight": 10 },
							{ "model": "block/wood/bark/birch/7", "y": 90, "x": 180, "weight": 10 },
							{ "model": "block/wood/bark/birch/8", "weight": 10 },
							{ "model": "block/wood/bark/birch/8", "x": 180, "weight": 10 },
							{ "model": "block/wood/bark/birch/8", "y": 90, "weight": 10 },
							{ "model": "block/wood/bark/birch/8", "y": 90, "x": 180, "weight": 10 },
							{ "model": "block/wood/bark/birch/9", "weight": 10 },
							{ "model": "block/wood/bark/birch/9", "x": 180, "weight": 10 },
							{ "model": "block/wood/bark/birch/9", "y": 90, "weight": 10 },
							{ "model": "block/wood/bark/birch/9", "y": 90, "x": 180, "weight": 10 },
							{ "model": "block/wood/bark/birch/10", "weight": 10 },
							{ "model": "block/wood/bark/birch/10", "x": 180, "weight": 10 },
							{ "model": "block/wood/bark/birch/10", "y": 90, "weight": 10 },
							{ "model": "block/wood/bark/birch/10", "y": 90, "x": 180, "weight": 10 },
							{ "model": "block/wood/bark/birch/11", "weight": 10 },
							{ "model": "block/wood/bark/birch/11", "x": 180, "weight": 10 },
							{ "model": "block/wood/bark/birch/11", "y": 90, "weight": 10 },
							{ "model": "block/wood/bark/birch/11", "y": 90, "x": 180, "weight": 10 },
							{ "model": "block/wood/bark/birch/12", "weight": 10 },
							{ "model": "block/wood/bark/birch/12", "x": 180, "weight": 10 },
							{ "model": "block/wood/bark/birch/12", "y": 90, "weight": 10 },
							{ "model": "block/wood/bark/birch/12", "y": 90, "x": 180, "weight": 10 },
							{ "model": "block/wood/bark/birch/13", "weight": 10 },
							{ "model": "block/wood/bark/birch/13", "x": 180, "weight": 10 },
							{ "model": "block/wood/bark/birch/13", "y": 90, "weight": 10 },
							{ "model": "block/wood/bark/birch/13", "y": 90, "x": 180, "weight": 10 }
        ]
    }
}

