{
"__comment":"Made by Know2Good, part of the 'Default 3D' resource pack || Official download page: http://www.planetminecraft.com/texture_pack/default-3d-2985741/ || © Know2Good. All rights reserved. ",
    "variants": {
        "": [
			{ "model": "block/wood/planks/block/oak/0", "weight": 40 },
			
			{ "model": "block/wood/planks/block/oak/1", "weight": 30 },
			{ "model": "block/wood/planks/block/oak/2", "weight": 30 },
			{ "model": "block/wood/planks/block/oak/3", "weight": 30 },
			{ "model": "block/wood/planks/block/oak/4", "weight": 30 },
			
			{ "model": "block/wood/planks/block/oak/5", "weight": 10 },
			{ "model": "block/wood/planks/block/oak/6", "weight": 10 },
			{ "model": "block/wood/planks/block/oak/7", "weight": 10 },
			{ "model": "block/wood/planks/block/oak/8", "weight": 10 },
			{ "model": "block/wood/planks/block/oak/9", "weight": 10 },
			{ "model": "block/wood/planks/block/oak/10", "weight": 10 },
			
			{ "model": "block/wood/planks/block/oak/11", "weight": 10 },
			{ "model": "block/wood/planks/block/oak/12", "weight": 10 },
			{ "model": "block/wood/planks/block/oak/13", "weight": 10 },
			{ "model": "block/wood/planks/block/oak/14", "weight": 10 },
			
			{ "model": "block/wood/planks/block/oak/15", "weight": 5 }
        ]
    }
}
