{
"__comment":"Made by Know2Good, part of the 'Default 3D' resource pack || Official download page: http://www.planetminecraft.com/texture_pack/default-3d-2985741/ || © Know2Good. All rights reserved. ",
    "variants": {
            "shape=north_south":[ { "model": "block/normal_rail_flat", "weight": 40 },
								{ 	"model": "block/normal_rail_flat_alt1", "weight": 40 },
								{ 	"model": "block/normal_rail_flat_alt2", "weight": 40 },
								{ 	"model": "block/normal_rail_flat_alt3", "weight": 40 },
								{ 	"model": "block/normal_rail_flat_alt4", "weight": 40 },
								{ 	"model": "block/normal_rail_flat_alt5", "weight": 40 },
								{ 	"model": "block/normal_rail_flat_alt6", "weight": 40 },
								{ 	"model": "block/normal_rail_flat_alt7", "weight": 40 },
								{ 	"model": "block/normal_rail_flat_alt8", "weight": 40 },
								{ 	"model": "block/normal_rail_flat_alt9", "weight": 40 },
								{ 	"model": "block/normal_rail_flat_alt10", "weight": 40 },
								{ 	"model": "block/normal_rail_flat_alt11", "weight": 40 },
								{ 	"model": "block/normal_rail_flat_alt12", "weight": 40 },
								{ 	"model": "block/normal_rail_flat_alt13", "weight": 40 },
								{ 	"model": "block/normal_rail_flat_alt14", "weight": 40 },
								{ 	"model": "block/normal_rail_flat_alt15", "weight": 40 },
								{ 	"model": "block/normal_rail_flat_alt16", "weight": 40 },
								{ 	"model": "block/normal_rail_flat_alt17", "weight": 40 }],
            "shape=east_west":[ { 	"model": "block/normal_rail_flat", "y": 90 , "weight": 40 },
								{ 	"model": "block/normal_rail_flat_alt1", "y": 90 , "weight": 40 },
								{ 	"model": "block/normal_rail_flat_alt2", "y": 90 , "weight": 40 },
								{ 	"model": "block/normal_rail_flat_alt3", "y": 90 , "weight": 40 },
								{ 	"model": "block/normal_rail_flat_alt4", "y": 90 , "weight": 40 },
								{ 	"model": "block/normal_rail_flat_alt5", "y": 90 , "weight": 40 },
								{ 	"model": "block/normal_rail_flat_alt6", "y": 90 , "weight": 40 },
								{ 	"model": "block/normal_rail_flat_alt7", "y": 90 , "weight": 40 },
								{ 	"model": "block/normal_rail_flat_alt8", "y": 90 , "weight": 40 },
								{ 	"model": "block/normal_rail_flat_alt9", "y": 90 , "weight": 40 },
								{ 	"model": "block/normal_rail_flat_alt10", "y": 90 , "weight": 40 },
								{ 	"model": "block/normal_rail_flat_alt11", "y": 90 , "weight": 40 },
								{ 	"model": "block/normal_rail_flat_alt12", "y": 90 , "weight": 40 },
								{ 	"model": "block/normal_rail_flat_alt13", "y": 90 , "weight": 40 },
								{ 	"model": "block/normal_rail_flat_alt14", "y": 90 , "weight": 40 },
								{ 	"model": "block/normal_rail_flat_alt15", "y": 90 , "weight": 40 },
								{ 	"model": "block/normal_rail_flat_alt16", "y": 90 , "weight": 40 },
								{ 	"model": "block/normal_rail_flat_alt17", "y": 90 , "weight": 40 }],
            "shape=ascending_east":[ { "model": "block/normal_rail_ne", "y": 90 , "weight": 40 },
								{ 	"model": "block/normal_rail_ne_alt1", "y": 90 , "weight": 40 },
								{ 	"model": "block/normal_rail_ne_alt2", "y": 90 , "weight": 40 },
								{ 	"model": "block/normal_rail_ne_alt3", "y": 90 , "weight": 40 },
								{ 	"model": "block/normal_rail_ne_alt4", "y": 90 , "weight": 40 },
								{ 	"model": "block/normal_rail_ne_alt5", "y": 90 , "weight": 40 },
								{ 	"model": "block/normal_rail_ne_alt6", "y": 90 , "weight": 40 },
								{ 	"model": "block/normal_rail_ne_alt7", "y": 90 , "weight": 40 },
								{ 	"model": "block/normal_rail_ne_alt8", "y": 90 , "weight": 40 },
								{ 	"model": "block/normal_rail_ne_alt9", "y": 90 , "weight": 40 },
								{ 	"model": "block/normal_rail_ne_alt10", "y": 90 , "weight": 40 },
								{ 	"model": "block/normal_rail_ne_alt11", "y": 90 , "weight": 40 },
								{ 	"model": "block/normal_rail_ne_alt12", "y": 90 , "weight": 40 },
								{ 	"model": "block/normal_rail_ne_alt13", "y": 90 , "weight": 40 },
								{ 	"model": "block/normal_rail_ne_alt14", "y": 90 , "weight": 40 },
								{ 	"model": "block/normal_rail_ne_alt15", "y": 90 , "weight": 40 },
								{ 	"model": "block/normal_rail_ne_alt16", "y": 90 , "weight": 40 },
								{ 	"model": "block/normal_rail_ne_alt17", "y": 90 , "weight": 40 }],
            "shape=ascending_west":[ { "model": "block/normal_rail_sw", "y": 90 , "weight": 40 },
								{ 	"model": "block/normal_rail_sw_alt1", "y": 90 , "weight": 40 },
								{ 	"model": "block/normal_rail_sw_alt2", "y": 90 , "weight": 40 },
								{ 	"model": "block/normal_rail_sw_alt3", "y": 90 , "weight": 40 },
								{ 	"model": "block/normal_rail_sw_alt4", "y": 90 , "weight": 40 },
								{ 	"model": "block/normal_rail_sw_alt5", "y": 90 , "weight": 40 },
								{ 	"model": "block/normal_rail_sw_alt6", "y": 90 , "weight": 40 },
								{ 	"model": "block/normal_rail_sw_alt7", "y": 90 , "weight": 40 },
								{ 	"model": "block/normal_rail_sw_alt8", "y": 90 , "weight": 40 },
								{ 	"model": "block/normal_rail_sw_alt9", "y": 90 , "weight": 40 },
								{ 	"model": "block/normal_rail_sw_alt10", "y": 90 , "weight": 40 },
								{ 	"model": "block/normal_rail_sw_alt11", "y": 90 , "weight": 40 },
								{ 	"model": "block/normal_rail_sw_alt12", "y": 90 , "weight": 40 },
								{ 	"model": "block/normal_rail_sw_alt13", "y": 90 , "weight": 40 },
								{ 	"model": "block/normal_rail_sw_alt14", "y": 90 , "weight": 40 },
								{ 	"model": "block/normal_rail_sw_alt15", "y": 90 , "weight": 40 },
								{ 	"model": "block/normal_rail_sw_alt16", "y": 90 , "weight": 40 },
								{ 	"model": "block/normal_rail_sw_alt17", "y": 90 , "weight": 40 }],
            "shape=ascending_north":[ { "model": "block/normal_rail_ne", "weight": 40 },
								{ 	"model": "block/normal_rail_ne_alt1", "weight": 40 },
								{ 	"model": "block/normal_rail_ne_alt2", "weight": 40 },
								{ 	"model": "block/normal_rail_ne_alt3", "weight": 40 },
								{ 	"model": "block/normal_rail_ne_alt4", "weight": 40 },
								{ 	"model": "block/normal_rail_ne_alt5", "weight": 40 },
								{ 	"model": "block/normal_rail_ne_alt6", "weight": 40 },
								{ 	"model": "block/normal_rail_ne_alt7", "weight": 40 },
								{ 	"model": "block/normal_rail_ne_alt8", "weight": 40 },
								{ 	"model": "block/normal_rail_ne_alt9", "weight": 40 },
								{ 	"model": "block/normal_rail_ne_alt10", "weight": 40 },
								{ 	"model": "block/normal_rail_ne_alt11", "weight": 40 },
								{ 	"model": "block/normal_rail_ne_alt12", "weight": 40 },
								{ 	"model": "block/normal_rail_ne_alt13", "weight": 40 },
								{ 	"model": "block/normal_rail_ne_alt14", "weight": 40 },
								{ 	"model": "block/normal_rail_ne_alt15", "weight": 40 },
								{ 	"model": "block/normal_rail_ne_alt16", "weight": 40 },
								{ 	"model": "block/normal_rail_ne_alt17", "weight": 40 }],
            "shape=ascending_south":[ { "model": "block/normal_rail_sw", "weight": 40 },
								{ 	"model": "block/normal_rail_sw_alt1", "weight": 40 },
								{ 	"model": "block/normal_rail_sw_alt2", "weight": 40 },
								{ 	"model": "block/normal_rail_sw_alt3", "weight": 40 },
								{ 	"model": "block/normal_rail_sw_alt4", "weight": 40 },
								{ 	"model": "block/normal_rail_sw_alt5", "weight": 40 },
								{ 	"model": "block/normal_rail_sw_alt6", "weight": 40 },
								{ 	"model": "block/normal_rail_sw_alt7", "weight": 40 },
								{ 	"model": "block/normal_rail_sw_alt8", "weight": 40 },
								{ 	"model": "block/normal_rail_sw_alt9", "weight": 40 },
								{ 	"model": "block/normal_rail_sw_alt10", "weight": 40 },
								{ 	"model": "block/normal_rail_sw_alt11", "weight": 40 },
								{ 	"model": "block/normal_rail_sw_alt12", "weight": 40 },
								{ 	"model": "block/normal_rail_sw_alt13", "weight": 40 },
								{ 	"model": "block/normal_rail_sw_alt14", "weight": 40 },
								{ 	"model": "block/normal_rail_sw_alt15", "weight": 40 },
								{ 	"model": "block/normal_rail_sw_alt16", "weight": 40 },
								{ 	"model": "block/normal_rail_sw_alt17", "weight": 40 }],
            "shape=south_east":[ { "model": "block/normal_rail_curved", "weight": 40 }],
            "shape=south_west":[ { "model": "block/normal_rail_curved", "y": 90 , "weight": 40 }],
			"shape=north_west":[ { "model": "block/normal_rail_curved", "y": 180 , "weight": 40 }],
			"shape=north_east":[ { "model": "block/normal_rail_curved", "y": 270 , "weight": 40 }]
    }
}

