{
"__comment":"Made by Know2Good, part of the 'Default 3D' resource pack || Official download page: http://www.planetminecraft.com/texture_pack/default-3d-2985741/ || © Know2Good. All rights reserved. ",
    "variants": {
        "": [
           { "model": "block/stone_bricks", "weight": 200 },
			{ "model": "block/stone_bricks_alt1", "weight": 200 },
			{ "model": "block/stone_bricks_alt2", "weight": 200 },
			{ "model": "block/stone_bricks_alt3", "weight": 200 },
			{ "model": "block/stone_bricks_alt4", "weight": 200 },
			{ "model": "block/stone_bricks_alt5", "weight": 200 },
			{ "model": "block/stone_bricks_alt6", "weight": 200 },
			{ "model": "block/stone_bricks_alt7", "weight": 200 },
			{ "model": "block/stone_bricks_alt8", "weight": 200 },
			{ "model": "block/stone_bricks_alt9", "weight": 200 },
			{ "model": "block/stone_bricks_alt10", "weight": 200 },
			{ "model": "block/stone_bricks_alt11", "weight": 200 },
			{ "model": "block/stone_bricks_alt12", "weight": 200 },
			{ "model": "block/stone_bricks_alt13", "weight": 200 },
			{ "model": "block/stone_bricks_alt14", "weight": 200 },
			{ "model": "block/stone_bricks_alt15", "weight": 200 },
			{ "model": "block/stone_bricks_alt16", "weight": 200 },
			{ "model": "block/stone_bricks_alt17", "weight": 200 }
        ]
    }
}

