{
"__comment":"Made by Know2Good, part of the 'Default 3D' resource pack || Official download page: http://www.planetminecraft.com/texture_pack/default-3d-2985741/ or http://know2good.com/ || © Know2Good. All rights reserved. ",
    "variants": {
        "facing=east,half=bottom,shape=straight":  { "model": "block/stone_brick_stairs_nd" },
        "facing=south,half=bottom,shape=straight": { "model": "block/stone_brick_stairs_ed" },
        "facing=west,half=bottom,shape=straight":  { "model": "block/stone_brick_stairs_sd" },
        "facing=north,half=bottom,shape=straight": { "model": "block/stone_brick_stairs_wd" },
        "facing=east,half=bottom,shape=outer_right":  { "model": "block/stone_brick_outer_stairs_nd" },
        "facing=south,half=bottom,shape=outer_right": { "model": "block/stone_brick_outer_stairs_ed" },
        "facing=west,half=bottom,shape=outer_right":  { "model": "block/stone_brick_outer_stairs_sd" },
        "facing=north,half=bottom,shape=outer_right": { "model": "block/stone_brick_outer_stairs_wd" },
        "facing=east,half=bottom,shape=outer_left":  { "model": "block/stone_brick_outer_stairs_wd" },
        "facing=south,half=bottom,shape=outer_left": { "model": "block/stone_brick_outer_stairs_nd" },
        "facing=west,half=bottom,shape=outer_left":  { "model": "block/stone_brick_outer_stairs_ed" },
        "facing=north,half=bottom,shape=outer_left": { "model": "block/stone_brick_outer_stairs_sd" },
        "facing=east,half=bottom,shape=inner_right":  { "model": "block/stone_brick_inner_stairs_sd" },
        "facing=south,half=bottom,shape=inner_right": { "model": "block/stone_brick_inner_stairs_wd" },
        "facing=west,half=bottom,shape=inner_right":  { "model": "block/stone_brick_inner_stairs_nd" },
        "facing=north,half=bottom,shape=inner_right": { "model": "block/stone_brick_inner_stairs_ed" },
        "facing=east,half=bottom,shape=inner_left":  { "model": "block/stone_brick_inner_stairs_ed" },
        "facing=south,half=bottom,shape=inner_left": { "model": "block/stone_brick_inner_stairs_sd" },
        "facing=west,half=bottom,shape=inner_left":  { "model": "block/stone_brick_inner_stairs_wd" },
        "facing=north,half=bottom,shape=inner_left": { "model": "block/stone_brick_inner_stairs_nd" }
    }
}

