{
"__comment":"Made by Know2Good, part of the 'Default 3D' resource pack || Official download page: http://www.planetminecraft.com/texture_pack/default-3d-2985741/ || © Know2Good. All rights reserved. ",
"__comment":"OK",

"parent": "block/block_display",

"elements": [ 
	{
		"__comment":"The inner block",
		"from": [0,0,0],
		"to": [16,16,16],
		"faces": {
			"down":		{"texture":"#main","cullface":"down"},
			"up":		{"texture":"#main","cullface":"up"},
			"north":	{"texture":"#north","cullface":"north"},
			"south":	{"texture":"#south","cullface":"south"},
			"west":		{"texture":"#west","cullface":"west"},
			"east":		{"texture":"#east","cullface":"east"}
		}
	},
	{
		"__comment":"Top 1 - 1",
		"from":[0.002,16,0.002],
		"to":[3,16.40,3],
		"faces": {
			"up":{"uv":		[0,0,3,3],"texture":"#main","cullface":"up"},
			"north":{"uv":	[0,0,3,1],"texture":"#main","cullface":"up","rotation":180},
			"south":{"uv":	[0,2,3,3],"texture":"#main","cullface":"up"},
			"west":{"uv":	[0,0,1,3],"texture":"#main","cullface":"up","rotation":270},
			"east":{"uv":	[2,0,3,3],"texture":"#main","cullface":"up","rotation":90}
		}
	},
	{
		"__comment":"Top 2 - 1",
		"from":[4,16,0.002],
		"to":[11,16.70,3],
		"faces": {
			"up":{"uv":		[4,0,11,3],"texture":"#main","cullface":"up"},
			"north":{"uv":	[4,0,11,1],"texture":"#main","cullface":"up","rotation":180},
			"south":{"uv":	[4,2,11,3],"texture":"#main","cullface":"up"},
			"west":{"uv":	[4,0,5,3],"texture":"#main","cullface":"up","rotation":270},
			"east":{"uv":	[10,0,11,3],"texture":"#main","cullface":"up","rotation":90}
		}
	},
	{
		"__comment":"Top 3 - 1",
		"from":[12,16,0.002],
		"to":[15.998,16.40,3],
		"faces": {
			"up":{"uv":		[12,0,16,3],"texture":"#main","cullface":"up"},
			"north":{"uv":	[12,0,16,1],"texture":"#main","cullface":"up","rotation":180},
			"south":{"uv":	[12,2,16,3],"texture":"#main","cullface":"up"},
			"west":{"uv":	[12,0,13,3],"texture":"#main","cullface":"up","rotation":270},
			"east":{"uv":	[15,0,16,3],"texture":"#main","cullface":"up","rotation":90}
		}
	},
	{
		"__comment":"Top 1 - 2",
		"from":[0.002,16,4],
		"to":[7,16.40,7],
		"faces": {
			"up":{"uv":		[0,4,7,7],"texture":"#main","cullface":"up"},
			"north":{"uv":	[0,4,7,5],"texture":"#main","cullface":"up","rotation":180},
			"south":{"uv":	[0,6,7,7],"texture":"#main","cullface":"up"},
			"west":{"uv":	[0,4,1,7],"texture":"#main","cullface":"up","rotation":270},
			"east":{"uv":	[6,4,7,7],"texture":"#main","cullface":"up","rotation":90}
		}
	},
	{
		"__comment":"Top 2 - 2",
		"from":[8.002,16,4],
		"to":[15,16.70,7],
		"faces": {
			"up":{"uv":		[8,4,15,7],"texture":"#main","cullface":"up"},
			"north":{"uv":	[8,4,15,5],"texture":"#main","cullface":"up","rotation":180},
			"south":{"uv":	[8,6,15,7],"texture":"#main","cullface":"up"},
			"west":{"uv":	[8,4,9,7],"texture":"#main","cullface":"up","rotation":270},
			"east":{"uv":	[14,4,15,7],"texture":"#main","cullface":"up","rotation":90}
		}
	},
	{
		"__comment":"Top 1 - 3",
		"from":[0.002,16,8.002],
		"to":[3,16.40,11],
		"faces": {
			"up":{"uv":		[0,8,3,11],"texture":"#main","cullface":"up"},
			"north":{"uv":	[0,8,3,9],"texture":"#main","cullface":"up","rotation":180},
			"south":{"uv":	[0,10,3,11],"texture":"#main","cullface":"up"},
			"west":{"uv":	[0,8,1,11],"texture":"#main","cullface":"up","rotation":270},
			"east":{"uv":	[2,8,3,11],"texture":"#main","cullface":"up","rotation":90}
		}
	},
	{
		"__comment":"Top 2 - 3",
		"from":[4,16,8.002],
		"to":[11,16.70,11],
		"faces": {
			"up":{"uv":		[4,8,11,11],"texture":"#main","cullface":"up"},
			"north":{"uv":	[4,8,11,9],"texture":"#main","cullface":"up","rotation":180},
			"south":{"uv":	[4,10,11,11],"texture":"#main","cullface":"up"},
			"west":{"uv":	[4,8,5,11],"texture":"#main","cullface":"up","rotation":270},
			"east":{"uv":	[10,8,11,11],"texture":"#main","cullface":"up","rotation":90}
		}
	},
	{
		"__comment":"Top 3 - 3",
		"from":[12,16,8.002],
		"to":[15.998,16.40,11],
		"faces": {
			"up":{"uv":		[12,8,16,11],"texture":"#main","cullface":"up"},
			"north":{"uv":	[12,8,16,9],"texture":"#main","cullface":"up","rotation":180},
			"south":{"uv":	[12,10,16,11],"texture":"#main","cullface":"up"},
			"west":{"uv":	[12,8,13,11],"texture":"#main","cullface":"up","rotation":270},
			"east":{"uv":	[15,8,16,11],"texture":"#main","cullface":"up","rotation":90}
		}
	},
	{
		"__comment":"Top 1 - 4",
		"from":[0.002,16,12],
		"to":[7,16.70,15],
		"faces": {
			"up":{"uv":		[0,12,7,15],"texture":"#main","cullface":"up"},
			"north":{"uv":	[0,12,7,13],"texture":"#main","cullface":"up","rotation":180},
			"south":{"uv":	[0,14,7,15],"texture":"#main","cullface":"up"},
			"west":{"uv":	[0,12,1,15],"texture":"#main","cullface":"up","rotation":270},
			"east":{"uv":	[6,12,7,15],"texture":"#main","cullface":"up","rotation":90}
		}
	},
	{
		"__comment":"Top 2 - 4",
		"from":[8.002,16,12],
		"to":[15,16.40,15],
		"faces": {
			"up":{"uv":		[8,12,15,15],"texture":"#main","cullface":"up"},
			"north":{"uv":	[8,12,15,13],"texture":"#main","cullface":"up","rotation":180},
			"south":{"uv":	[8,14,15,15],"texture":"#main","cullface":"up"},
			"west":{"uv":	[8,12,9,15],"texture":"#main","cullface":"up","rotation":270},
			"east":{"uv":	[14,12,15,15],"texture":"#main","cullface":"up","rotation":90}
		}
	},
	{
		"__comment":"North 1 - 1",
		"from":[13,13,-0.60],
		"to":[15.998,15.998,0],
		"faces": {
			"up":{"uv":		[0,0,3,1],"texture":"#north","cullface":"north","rotation":180},
			"down":{"uv":	[0,2,3,3],"texture":"#north","cullface":"north","rotation":180},
			"north":{"uv":	[0,0,3,3],"texture":"#north","cullface":"north"},
			"west":{"uv":	[2,0,3,3],"texture":"#north","cullface":"north"},
			"east":{"uv":	[0,0,1,3],"texture":"#north","cullface":"north"}
		}
	},
	{
		"__comment":"North 2 - 1",
		"from":[5,13,-0.30],
		"to":[12,15.998,0],
		"faces": {
			"up":{"uv":		[4,0,11,1],"texture":"#north","cullface":"north","rotation":180},
			"down":{"uv":	[4,2,11,3],"texture":"#north","cullface":"north","rotation":180},
			"north":{"uv":	[4,0,11,3],"texture":"#north","cullface":"north"},
			"west":{"uv":	[10,0,11,3],"texture":"#north","cullface":"north"},
			"east":{"uv":	[4,0,5,3],"texture":"#north","cullface":"north"}
		}
	},
	{
		"__comment":"North 3 - 1",
		"from":[0.002,13,-0.60],
		"to":[4,15.998,0],
		"faces": {
			"up":{"uv":		[12,0,16,1],"texture":"#north","cullface":"north","rotation":180},
			"down":{"uv":	[12,2,16,3],"texture":"#north","cullface":"north","rotation":180},
			"north":{"uv":	[12,0,16,3],"texture":"#north","cullface":"north"},
			"west":{"uv":	[15,0,16,3],"texture":"#north","cullface":"north"},
			"east":{"uv":	[12,0,13,3],"texture":"#north","cullface":"north"}
		}
	},
	{
		"__comment":"North 1 - 2",
		"from":[9,9,-0.60],
		"to":[15.998,12,0],
		"faces": {
			"up":{"uv":		[0,4,7,5],"texture":"#north","cullface":"north","rotation":180},
			"down":{"uv":	[0,6,7,7],"texture":"#north","cullface":"north","rotation":180},
			"north":{"uv":	[0,4,7,7],"texture":"#north","cullface":"north"},
			"west":{"uv":	[6,4,7,7],"texture":"#north","cullface":"north"},
			"east":{"uv":	[0,4,1,7],"texture":"#north","cullface":"north"}
		}
	},
	{
		"__comment":"North 2 - 2",
		"from":[1,9,-0.30],
		"to":[15.998,12,0],
		"faces": {
			"up":{"uv":		[8,4,15,5],"texture":"#north","cullface":"north","rotation":180},
			"down":{"uv":	[8,6,15,7],"texture":"#north","cullface":"north","rotation":180},
			"north":{"uv":	[8,4,15,7],"texture":"#north","cullface":"north"},
			"west":{"uv":	[14,4,15,7],"texture":"#north","cullface":"north"},
			"east":{"uv":	[8,4,9,7],"texture":"#north","cullface":"north"}
		}
	},
	{
		"__comment":"North 1 - 3",
		"from":[13,5,-0.60],
		"to":[15.998,15.998,0],
		"faces": {
			"up":{"uv":		[0,8,3,9],"texture":"#north","cullface":"north","rotation":180},
			"down":{"uv":	[0,10,3,11],"texture":"#north","cullface":"north","rotation":180},
			"north":{"uv":	[0,8,3,11],"texture":"#north","cullface":"north"},
			"west":{"uv":	[2,8,3,11],"texture":"#north","cullface":"north"},
			"east":{"uv":	[0,8,1,11],"texture":"#north","cullface":"north"}
		}
	},
	{
		"__comment":"North 2 - 3",
		"from":[5,5,-0.30],
		"to":[12,15.998,0],
		"faces": {
			"up":{"uv":		[4,8,11,9],"texture":"#north","cullface":"north","rotation":180},
			"down":{"uv":	[4,10,11,11],"texture":"#north","cullface":"north","rotation":180},
			"north":{"uv":	[4,8,11,11],"texture":"#north","cullface":"north"},
			"west":{"uv":	[10,8,11,11],"texture":"#north","cullface":"north"},
			"east":{"uv":	[4,8,5,11],"texture":"#north","cullface":"north"}
		}
	},
	{
		"__comment":"North 3 - 3",
		"from":[0.002,5,-0.60],
		"to":[4,15.998,0],
		"faces": {
			"up":{"uv":		[12,8,16,9],"texture":"#north","cullface":"north","rotation":180},
			"down":{"uv":	[12,10,16,11],"texture":"#north","cullface":"north","rotation":180},
			"north":{"uv":	[12,8,16,11],"texture":"#north","cullface":"north"},
			"west":{"uv":	[15,8,16,11],"texture":"#north","cullface":"north"},
			"east":{"uv":	[12,8,13,11],"texture":"#north","cullface":"north"}
		}
	},
	{
		"__comment":"North 1 - 4",
		"from":[9,1,-0.30],
		"to":[15.998,4,0],
		"faces": {
			"up":{"uv":		[0,12,7,13],"texture":"#north","cullface":"north","rotation":180},
			"down":{"uv":	[0,14,7,15],"texture":"#north","cullface":"north","rotation":180},
			"north":{"uv":	[0,12,7,15],"texture":"#north","cullface":"north"},
			"west":{"uv":	[6,12,7,15],"texture":"#north","cullface":"north"},
			"east":{"uv":	[0,12,1,15],"texture":"#north","cullface":"north"}
		}
	},
	{
		"__comment":"North 2 - 4",
		"from":[1,1,-0.60],
		"to":[15.998,4,0],
		"faces": {
			"up":{"uv":		[8,12,15,13],"texture":"#north","cullface":"north","rotation":180},
			"down":{"uv":	[8,14,15,15],"texture":"#north","cullface":"north","rotation":180},
			"north":{"uv":	[8,12,15,15],"texture":"#north","cullface":"north"},
			"west":{"uv":	[14,12,15,15],"texture":"#north","cullface":"north"},
			"east":{"uv":	[8,12,9,15],"texture":"#north","cullface":"north"}
		}
	},
	{
		"__comment":"East 1 - 1",
		"from":[16,13,13],
		"to":[16.40,15.998,15.998],
		"faces": {
			"up":{"uv":		[0,0,3,1],"texture":"#east","cullface":"east","rotation":270},
			"down":{"uv":	[0,2,3,3],"texture":"#east","cullface":"east","rotation":90},
			"north":{"uv":	[2,0,3,3],"texture":"#east","cullface":"east"},
			"south":{"uv":	[0,0,1,3],"texture":"#east","cullface":"east"},
			"east":{"uv":	[0,0,3,3],"texture":"#east","cullface":"east"}
		}
	},
	{
		"__comment":"East 2 - 1",
		"from":[16,13,5],
		"to":[16.70,15.998,12],
		"faces": {
			"up":{"uv":		[4,0,11,1],"texture":"#east","cullface":"east","rotation":270},
			"down":{"uv":	[4,2,11,3],"texture":"#east","cullface":"east","rotation":90},
			"north":{"uv":	[10,0,11,3],"texture":"#east","cullface":"east"},
			"south":{"uv":	[4,0,5,3],"texture":"#east","cullface":"east"},
			"east":{"uv":	[4,0,11,3],"texture":"#east","cullface":"east"}
		}
	},
	{
		"__comment":"East 3 - 1",
		"from":[16,13,0.002],
		"to":[16.40,15.998,4],
		"faces": {
			"up":{"uv":		[12,0,16,1],"texture":"#east","cullface":"east","rotation":270},
			"down":{"uv":	[12,2,16,3],"texture":"#east","cullface":"east","rotation":90},
			"north":{"uv":	[15,0,16,3],"texture":"#east","cullface":"east"},
			"south":{"uv":	[12,0,13,3],"texture":"#east","cullface":"east"},
			"east":{"uv":	[12,0,16,3],"texture":"#east","cullface":"east"}
		}
	},
	{
		"__comment":"East 1 - 2",
		"from":[16,9,9],
		"to":[16.70,12,15.998],
		"faces": {
			"up":{"uv":		[0,4,7,5],"texture":"#east","cullface":"east","rotation":270},
			"down":{"uv":	[0,6,7,7],"texture":"#east","cullface":"east","rotation":90},
			"north":{"uv":	[6,4,7,7],"texture":"#east","cullface":"east"},
			"south":{"uv":	[0,4,1,7],"texture":"#east","cullface":"east"},
			"east":{"uv":	[0,4,7,7],"texture":"#east","cullface":"east"}
		}
	},
	{
		"__comment":"East 2 - 2",
		"from":[16,9,1],
		"to":[16.40,12,15.998],
		"faces": {
			"up":{"uv":		[8,4,15,5],"texture":"#east","cullface":"east","rotation":270},
			"down":{"uv":	[8,6,15,7],"texture":"#east","cullface":"east","rotation":90},
			"north":{"uv":	[14,4,15,7],"texture":"#east","cullface":"east"},
			"south":{"uv":	[8,4,9,7],"texture":"#east","cullface":"east"},
			"east":{"uv":	[8,4,15,7],"texture":"#east","cullface":"east"}
		}
	},
	{
		"__comment":"East 1 - 3",
		"from":[16,5,13],
		"to":[16.40,15.998,15.998],
		"faces": {
			"up":{"uv":		[0,8,3,9],"texture":"#east","cullface":"east","rotation":270},
			"down":{"uv":	[0,10,3,11],"texture":"#east","cullface":"east","rotation":90},
			"north":{"uv":	[2,8,3,11],"texture":"#east","cullface":"east"},
			"south":{"uv":	[0,8,1,11],"texture":"#east","cullface":"east"},
			"east":{"uv":	[0,8,3,11],"texture":"#east","cullface":"east"}
		}
	},
	{
		"__comment":"East 2 - 3",
		"from":[16,5,5],
		"to":[16.70,15.998,12],
		"faces": {
			"up":{"uv":		[4,8,11,9],"texture":"#east","cullface":"east","rotation":270},
			"down":{"uv":	[4,10,11,11],"texture":"#east","cullface":"east","rotation":90},
			"north":{"uv":	[10,8,11,11],"texture":"#east","cullface":"east"},
			"south":{"uv":	[4,8,5,11],"texture":"#east","cullface":"east"},
			"east":{"uv":	[4,8,11,11],"texture":"#east","cullface":"east"}
		}
	},
	{
		"__comment":"East 3 - 3",
		"from":[16,5,0.002],
		"to":[16.40,15.998,4],
		"faces": {
			"up":{"uv":		[12,8,16,9],"texture":"#east","cullface":"east","rotation":270},
			"down":{"uv":	[12,10,16,11],"texture":"#east","cullface":"east","rotation":90},
			"north":{"uv":	[15,8,16,11],"texture":"#east","cullface":"east"},
			"south":{"uv":	[12,8,13,11],"texture":"#east","cullface":"east"},
			"east":{"uv":	[12,8,16,11],"texture":"#east","cullface":"east"}
		}
	},
	{
		"__comment":"East 1 - 4",
		"from":[16,1,9],
		"to":[16.40,4,15.998],
		"faces": {
			"up":{"uv":		[0,12,7,13],"texture":"#east","cullface":"east","rotation":270},
			"down":{"uv":	[0,14,7,15],"texture":"#east","cullface":"east","rotation":90},
			"north":{"uv":	[6,12,7,15],"texture":"#east","cullface":"east"},
			"south":{"uv":	[0,12,1,15],"texture":"#east","cullface":"east"},
			"east":{"uv":	[0,12,7,15],"texture":"#east","cullface":"east"}
		}
	},
	{
		"__comment":"East 2 - 4",
		"from":[16,1,1],
		"to":[16.70,4,15.998],
		"faces": {
			"up":{"uv":		[8,12,15,13],"texture":"#east","cullface":"east","rotation":270},
			"down":{"uv":	[8,14,15,15],"texture":"#east","cullface":"east","rotation":90},
			"north":{"uv":	[14,12,15,15],"texture":"#east","cullface":"east"},
			"south":{"uv":	[8,12,9,15],"texture":"#east","cullface":"east"},
			"east":{"uv":	[8,12,15,15],"texture":"#east","cullface":"east"}
		}
	},
	{
		"__comment":"South 1 - 1",
		"from":[0.002,13,16],
		"to":[3,15.998,16.40],
		"faces": {
			"up":{"uv":		[0,0,3,1],"texture":"#south","cullface":"south"},
			"down":{"uv":	[0,2,3,3],"texture":"#south","cullface":"south"},
			"south":{"uv":	[0,0,3,3],"texture":"#south","cullface":"south"},
			"west":{"uv":	[0,0,1,3],"texture":"#south","cullface":"south"},
			"east":{"uv":	[2,0,3,3],"texture":"#south","cullface":"south"}
		}
	},
	{
		"__comment":"South 2 - 1",
		"from":[4,13,16],
		"to":[11,15.998,16.70],
		"faces": {
			"up":{"uv":		[4,0,11,1],"texture":"#south","cullface":"south"},
			"down":{"uv":	[4,2,11,3],"texture":"#south","cullface":"south"},
			"south":{"uv":	[4,0,11,3],"texture":"#south","cullface":"south"},
			"west":{"uv":	[4,0,5,3],"texture":"#south","cullface":"south"},
			"east":{"uv":	[10,0,11,3],"texture":"#south","cullface":"south"}
		}
	},
	{
		"__comment":"South 3 - 1",
		"from":[12,13,16],
		"to":[15.998,15.998,16.40],
		"faces": {
			"up":{"uv":		[12,0,16,1],"texture":"#south","cullface":"south"},
			"down":{"uv":	[12,2,16,3],"texture":"#south","cullface":"south"},
			"south":{"uv":	[12,0,16,3],"texture":"#south","cullface":"south"},
			"west":{"uv":	[12,0,13,3],"texture":"#south","cullface":"south"},
			"east":{"uv":	[15,0,16,3],"texture":"#south","cullface":"south"}
		}
	},
	{
		"__comment":"South 1 - 2",
		"from":[0.002,9,16],
		"to":[7,12,16.70],
		"faces": {
			"up":{"uv":		[0,4,7,5],"texture":"#south","cullface":"south"},
			"down":{"uv":	[0,6,7,7],"texture":"#south","cullface":"south"},
			"south":{"uv":	[0,4,7,7],"texture":"#south","cullface":"south"},
			"west":{"uv":	[0,4,1,7],"texture":"#south","cullface":"south"},
			"east":{"uv":	[6,4,7,7],"texture":"#south","cullface":"south"}
		}
	},
	{
		"__comment":"South 2 - 2",
		"from":[8.002,9,16],
		"to":[15,12,16.40],
		"faces": {
			"up":{"uv":		[8,4,15,5],"texture":"#south","cullface":"south"},
			"down":{"uv":	[8,6,15,7],"texture":"#south","cullface":"south"},
			"south":{"uv":	[8,4,15,7],"texture":"#south","cullface":"south"},
			"west":{"uv":	[8,4,9,7],"texture":"#south","cullface":"south"},
			"east":{"uv":	[14,4,15,7],"texture":"#south","cullface":"south"}
		}
	},
	{
		"__comment":"South 1 - 3",
		"from":[0.002,5,16],
		"to":[3,15.998,16.40],
		"faces": {
			"up":{"uv":		[0,8,3,9],"texture":"#south","cullface":"south"},
			"down":{"uv":	[0,10,3,11],"texture":"#south","cullface":"south"},
			"south":{"uv":	[0,8,3,11],"texture":"#south","cullface":"south"},
			"west":{"uv":	[0,8,1,11],"texture":"#south","cullface":"south"},
			"east":{"uv":	[2,8,3,11],"texture":"#south","cullface":"south"}
		}
	},
	{
		"__comment":"South 2 - 3",
		"from":[4,5,16],
		"to":[11,15.998,16.70],
		"faces": {
			"up":{"uv":		[4,8,11,9],"texture":"#south","cullface":"south"},
			"down":{"uv":	[4,10,11,11],"texture":"#south","cullface":"south"},
			"south":{"uv":	[4,8,11,11],"texture":"#south","cullface":"south"},
			"west":{"uv":	[4,8,5,11],"texture":"#south","cullface":"south"},
			"east":{"uv":	[10,8,11,11],"texture":"#south","cullface":"south"}
		}
	},
	{
		"__comment":"South 3 - 3",
		"from":[12,5,16],
		"to":[15.998,15.998,16.40],
		"faces": {
			"up":{"uv":		[12,8,16,9],"texture":"#south","cullface":"south"},
			"down":{"uv":	[12,10,16,11],"texture":"#south","cullface":"south"},
			"south":{"uv":	[12,8,16,11],"texture":"#south","cullface":"south"},
			"west":{"uv":	[12,8,13,11],"texture":"#south","cullface":"south"},
			"east":{"uv":	[15,8,16,11],"texture":"#south","cullface":"south"}
		}
	},
	{
		"__comment":"South 1 - 4",
		"from":[0.002,1,16],
		"to":[7,4,16.40],
		"faces": {
			"up":{"uv":		[0,12,7,13],"texture":"#south","cullface":"south"},
			"down":{"uv":	[0,14,7,15],"texture":"#south","cullface":"south"},
			"south":{"uv":	[0,12,7,15],"texture":"#south","cullface":"south"},
			"west":{"uv":	[0,12,1,15],"texture":"#south","cullface":"south"},
			"east":{"uv":	[6,12,7,15],"texture":"#south","cullface":"south"}
		}
	},
	{
		"__comment":"South 2 - 4",
		"from":[8.002,1,16],
		"to":[15,4,16.70],
		"faces": {
			"up":{"uv":		[8,12,15,13],"texture":"#south","cullface":"south"},
			"down":{"uv":	[8,14,15,15],"texture":"#south","cullface":"south"},
			"south":{"uv":	[8,12,15,15],"texture":"#south","cullface":"south"},
			"west":{"uv":	[8,12,9,15],"texture":"#south","cullface":"south"},
			"east":{"uv":	[14,12,15,15],"texture":"#south","cullface":"south"}
		}
	},
	{
		"__comment":"West 1 - 1",
		"from":[-0.60,13,0.002],
		"to":[0,15.998,3],
		"faces": {
			"up":{"uv":		[0,0,3,1],"texture":"#west","cullface":"west","rotation":90},
			"down":{"uv":	[0,2,3,3],"texture":"#west","cullface":"west","rotation":270},
			"north":{"uv":	[0,0,1,3],"texture":"#west","cullface":"west"},
			"south":{"uv":	[2,0,3,3],"texture":"#west","cullface":"west"},
			"west":{"uv":	[0,0,3,3],"texture":"#west","cullface":"west"}
		}
	},
	{
		"__comment":"West 2 - 1",
		"from":[-0.30,13,4],
		"to":[0,15.998,11],
		"faces": {
			"up":{"uv":		[4,0,11,1],"texture":"#west","cullface":"west","rotation":90},
			"down":{"uv":	[4,2,11,3],"texture":"#west","cullface":"west","rotation":270},
			"north":{"uv":	[4,0,5,3],"texture":"#west","cullface":"west"},
			"south":{"uv":	[10,0,11,3],"texture":"#west","cullface":"west"},
			"west":{"uv":	[4,0,11,3],"texture":"#west","cullface":"west"}
		}
	},
	{
		"__comment":"West 3 - 1",
		"from":[-0.60,13,12],
		"to":[0,15.998,15.998],
		"faces": {
			"up":{"uv":		[12,0,16,1],"texture":"#west","cullface":"west","rotation":90},
			"down":{"uv":	[12,2,16,3],"texture":"#west","cullface":"west","rotation":270},
			"north":{"uv":	[12,0,13,3],"texture":"#west","cullface":"west"},
			"south":{"uv":	[15,0,16,3],"texture":"#west","cullface":"west"},
			"west":{"uv":	[12,0,16,3],"texture":"#west","cullface":"west"}
		}
	},
	{
		"__comment":"West 1 - 2",
		"from":[-0.30,9,0.002],
		"to":[0,12,7],
		"faces": {
			"up":{"uv":		[0,4,7,5],"texture":"#west","cullface":"west","rotation":90},
			"down":{"uv":	[0,6,7,7],"texture":"#west","cullface":"west","rotation":270},
			"north":{"uv":	[0,4,1,7],"texture":"#west","cullface":"west"},
			"south":{"uv":	[6,4,7,7],"texture":"#west","cullface":"west"},
			"west":{"uv":	[0,4,7,7],"texture":"#west","cullface":"west"}
		}
	},
	{
		"__comment":"West 2 - 2",
		"from":[-0.60,9,8.002],
		"to":[0,12,15],
		"faces": {
			"up":{"uv":		[8,4,15,5],"texture":"#west","cullface":"west","rotation":90},
			"down":{"uv":	[8,6,15,7],"texture":"#west","cullface":"west","rotation":270},
			"north":{"uv":	[8,4,9,7],"texture":"#west","cullface":"west"},
			"south":{"uv":	[14,4,15,7],"texture":"#west","cullface":"west"},
			"west":{"uv":	[8,4,15,7],"texture":"#west","cullface":"west"}
		}
	},
	{
		"__comment":"West 1 - 3",
		"from":[-0.60,5,0.002],
		"to":[0,15.998,3],
		"faces": {
			"up":{"uv":		[0,8,3,9],"texture":"#west","cullface":"west","rotation":90},
			"down":{"uv":	[0,10,3,11],"texture":"#west","cullface":"west","rotation":270},
			"north":{"uv":	[0,8,1,11],"texture":"#west","cullface":"west"},
			"south":{"uv":	[2,8,3,11],"texture":"#west","cullface":"west"},
			"west":{"uv":	[0,8,3,11],"texture":"#west","cullface":"west"}
		}
	},
	{
		"__comment":"West 2 - 3",
		"from":[-0.30,5,4],
		"to":[0,15.998,11],
		"faces": {
			"up":{"uv":		[4,8,11,9],"texture":"#west","cullface":"west","rotation":90},
			"down":{"uv":	[4,10,11,11],"texture":"#west","cullface":"west","rotation":270},
			"north":{"uv":	[4,8,5,11],"texture":"#west","cullface":"west"},
			"south":{"uv":	[10,8,11,11],"texture":"#west","cullface":"west"},
			"west":{"uv":	[4,8,11,11],"texture":"#west","cullface":"west"}
		}
	},
	{
		"__comment":"West 3 - 3",
		"from":[-0.60,5,12],
		"to":[0,15.998,15.998],
		"faces": {
			"up":{"uv":		[12,8,16,9],"texture":"#west","cullface":"west","rotation":90},
			"down":{"uv":	[12,10,16,11],"texture":"#west","cullface":"west","rotation":270},
			"north":{"uv":	[12,8,13,11],"texture":"#west","cullface":"west"},
			"south":{"uv":	[15,8,16,11],"texture":"#west","cullface":"west"},
			"west":{"uv":	[12,8,16,11],"texture":"#west","cullface":"west"}
		}
	},
	{
		"__comment":"West 1 - 4",
		"from":[-0.60,1,0.002],
		"to":[0,4,7],
		"faces": {
			"up":{"uv":		[0,12,7,13],"texture":"#west","cullface":"west","rotation":90},
			"down":{"uv":	[0,14,7,15],"texture":"#west","cullface":"west","rotation":270},
			"north":{"uv":	[0,12,1,15],"texture":"#west","cullface":"west"},
			"south":{"uv":	[6,12,7,15],"texture":"#west","cullface":"west"},
			"west":{"uv":	[0,12,7,15],"texture":"#west","cullface":"west"}
		}
	},
	{
		"__comment":"West 2 - 4",
		"from":[-0.30,1,8.002],
		"to":[0,4,15],
		"faces": {
			"up":{"uv":		[8,12,15,13],"texture":"#west","cullface":"west","rotation":90},
			"down":{"uv":	[8,14,15,15],"texture":"#west","cullface":"west","rotation":270},
			"north":{"uv":	[8,12,9,15],"texture":"#west","cullface":"west"},
			"south":{"uv":	[14,12,15,15],"texture":"#west","cullface":"west"},
			"west":{"uv":	[8,12,15,15],"texture":"#west","cullface":"west"}
		}
	},
	{
		"__comment":"Bottom 1 - 1",
		"from":[0.002,-0.60,13],
		"to":[3,0,15.998],
		"faces": {
			"down":{"uv":	[0,0,3,3],"texture":"#main","cullface":"down"},
			"north":{"uv":	[0,2,3,3],"texture":"#main","cullface":"down","rotation":180},
			"south":{"uv":	[0,0,3,1],"texture":"#main","cullface":"down"},
			"west":{"uv":	[0,0,1,3],"texture":"#main","cullface":"down","rotation":90},
			"east":{"uv":	[2,0,3,3],"texture":"#main","cullface":"down","rotation":270}
		}
	},
	{
		"__comment":"Bottom 2 - 1",
		"from":[4,-0.30,13],
		"to":[11,0,15.998],
		"faces": {
			"down":{"uv":	[4,0,11,3],"texture":"#main","cullface":"down"},
			"north":{"uv":	[4,2,11,3],"texture":"#main","cullface":"down","rotation":180},
			"south":{"uv":	[4,0,11,1],"texture":"#main","cullface":"down"},
			"west":{"uv":	[4,0,5,3],"texture":"#main","cullface":"down","rotation":90},
			"east":{"uv":	[10,0,11,3],"texture":"#main","cullface":"down","rotation":270}
		}
	},
	{
		"__comment":"Bottom 3 - 1",
		"from":[12,-0.60,13],
		"to":[15.998,0,15.998],
		"faces": {
			"down":{"uv":	[12,0,16,3],"texture":"#main","cullface":"down"},
			"north":{"uv":	[12,2,16,3],"texture":"#main","cullface":"down","rotation":180},
			"south":{"uv":	[12,0,16,1],"texture":"#main","cullface":"down"},
			"west":{"uv":	[12,0,13,3],"texture":"#main","cullface":"down","rotation":90},
			"east":{"uv":	[15,0,16,3],"texture":"#main","cullface":"down","rotation":270}
		}
	},
	{
		"__comment":"Bottom 1 - 2",
		"from":[0.002,-0.30,9],
		"to":[7,0,12],
		"faces": {
			"down":{"uv":	[0,4,7,7],"texture":"#main","cullface":"down"},
			"north":{"uv":	[0,6,7,7],"texture":"#main","cullface":"down","rotation":180},
			"south":{"uv":	[0,4,7,5],"texture":"#main","cullface":"down"},
			"west":{"uv":	[0,4,1,7],"texture":"#main","cullface":"down","rotation":90},
			"east":{"uv":	[6,4,7,7],"texture":"#main","cullface":"down","rotation":270}
		}
	},
	{
		"__comment":"Bottom 2 - 2",
		"from":[8.002,-0.60,9],
		"to":[15,0,12],
		"faces": {
			"down":{"uv":	[8,4,15,7],"texture":"#main","cullface":"down"},
			"north":{"uv":	[8,6,15,7],"texture":"#main","cullface":"down","rotation":180},
			"south":{"uv":	[8,4,15,5],"texture":"#main","cullface":"down"},
			"west":{"uv":	[8,4,9,7],"texture":"#main","cullface":"down","rotation":90},
			"east":{"uv":	[14,4,15,7],"texture":"#main","cullface":"down","rotation":270}
		}
	},
	{
		"__comment":"Bottom 1 - 3",
		"from":[0.002,-0.60,5],
		"to":[3,0,8.002],
		"faces": {
			"down":{"uv":	[0,8,3,11],"texture":"#main","cullface":"down"},
			"north":{"uv":	[0,10,3,11],"texture":"#main","cullface":"down","rotation":180},
			"south":{"uv":	[0,8,3,9],"texture":"#main","cullface":"down"},
			"west":{"uv":	[0,8,1,11],"texture":"#main","cullface":"down","rotation":90},
			"east":{"uv":	[2,8,3,11],"texture":"#main","cullface":"down","rotation":270}
		}
	},
	{
		"__comment":"Bottom 2 - 3",
		"from":[4,-0.30,5],
		"to":[11,0,8.002],
		"faces": {
			"down":{"uv":	[4,8,11,11],"texture":"#main","cullface":"down"},
			"north":{"uv":	[4,10,11,11],"texture":"#main","cullface":"down","rotation":180},
			"south":{"uv":	[4,8,11,9],"texture":"#main","cullface":"down"},
			"west":{"uv":	[4,8,5,11],"texture":"#main","cullface":"down","rotation":90},
			"east":{"uv":	[10,8,11,11],"texture":"#main","cullface":"down","rotation":270}
		}
	},
	{
		"__comment":"Bottom 3 - 3",
		"from":[12,-0.60,5],
		"to":[15.998,0,8.002],
		"faces": {
			"down":{"uv":	[12,8,16,11],"texture":"#main","cullface":"down"},
			"north":{"uv":	[12,10,16,11],"texture":"#main","cullface":"down","rotation":180},
			"south":{"uv":	[12,8,16,9],"texture":"#main","cullface":"down"},
			"west":{"uv":	[12,8,13,11],"texture":"#main","cullface":"down","rotation":90},
			"east":{"uv":	[15,8,16,11],"texture":"#main","cullface":"down","rotation":270}
		}
	},
	{
		"__comment":"Bottom 1 - 4",
		"from":[0.002,-0.60,1],
		"to":[7,0,4],
		"faces": {
			"down":{"uv":	[0,12,7,15],"texture":"#main","cullface":"down"},
			"north":{"uv":	[0,14,7,15],"texture":"#main","cullface":"down","rotation":180},
			"south":{"uv":	[0,12,7,13],"texture":"#main","cullface":"down"},
			"west":{"uv":	[0,12,1,15],"texture":"#main","cullface":"down","rotation":90},
			"east":{"uv":	[6,12,7,15],"texture":"#main","cullface":"down","rotation":270}
		}
	},
	{
		"__comment":"Bottom 2 - 4",
		"from":[8.002,-0.30,1],
		"to":[15,0,4],
		"faces": {
			"down":{"uv":	[8,12,15,15],"texture":"#main","cullface":"down"},
			"north":{"uv":	[8,14,15,15],"texture":"#main","cullface":"down","rotation":180},
			"south":{"uv":	[8,12,15,13],"texture":"#main","cullface":"down"},
			"west":{"uv":	[8,12,9,15],"texture":"#main","cullface":"down","rotation":90},
			"east":{"uv":	[14,12,15,15],"texture":"#main","cullface":"down","rotation":270}
             }
        }
    ]
}