{
"__comment":"Made by Know2Good, part of the 'Default 3D' resource pack || Official download page: http://www.planetminecraft.com/texture_pack/default-3d-2985741/ || © Know2Good. All rights reserved. ",
"__comment":"OK",

"parent": "block/generic_activator_rail_raised_ne",

"textures": {
	"rail": 	"know2good/blocks/rail/normal/rail_normal_alt3/rail",
	"tie": 		"know2good/blocks/rail/normal/rail_normal_alt3/tie",
	"redstone": "know2good/blocks/rail/activator/activator_rail_alt3/redstone",
	"particle":	"know2good/blocks/rail/normal/rail_normal_alt3/rail"
    }
}