{
"__comment":"Made by Know2Good, part of the 'Default 3D' resource pack || Official download page: http://www.planetminecraft.com/texture_pack/default-3d-2985741/ || © Know2Good. All rights reserved. ",
"__comment":"OK",

"parent": "block/generic_activator_rail_on_raised_sw",

"textures": {
	"rail": 	"know2good/blocks/rail/activator_powered/activator_rail_powered_alt6/rail",
	"tie": 		"know2good/blocks/rail/activator_powered/activator_rail_powered_alt6/tie",
	"redstone": "know2good/blocks/rail/activator_powered/activator_rail_powered_alt6/redstone",
	"particle":	"know2good/blocks/rail/activator_powered/activator_rail_powered_alt6/rail"
    }
}