{
"__comment":"Made by Know2Good, part of the 'Default 3D' resource pack || Official download page: http://www.planetminecraft.com/texture_pack/default-3d-2985741/ || © Know2Good. All rights reserved. ",
"__comment":"OK",

"textures": {
    "block": 	"know2good/blocks/plant/beetroots/beetroots_stage3",
    "particle": "know2good/blocks/plant/beetroots/beetroots_stage3"

},
"elements":[
	{
		"__comment":"Beetroot north bottom left to top right",
		"from": [10,-1,2],
		"to": [11,0,4],
		"faces": {
			"up":{"uv":		[5.01,15.01,5.99,15.99],"texture":"#block","cullface":"Know2Good"},
			"north":{"uv":	[5.01,15.01,5.99,15.99],"texture":"#block","cullface":"Know2Good"},
			"south":{"uv":	[5.01,15.01,5.99,15.99],"texture":"#block","cullface":"Know2Good"},
			"east":{"uv":	[5.01,15.01,5.99,15.99],"texture":"#block","cullface":"Know2Good"}
		}
	},
	{
		"__comment":"Beetroot north bottom left to top right",
		"from": [7,-1,1.75],
		"to": [10,1,4.25],
		"faces": {
			"up":{"uv":		[6.01,14.01,8.99,14.99],"texture":"#block","cullface":"Know2Good","rotation":180},
			"north":{"uv":	[6.01,14.01,8.99,15.99],"texture":"#block","cullface":"Know2Good"},
			"south":{"uv":	[8.99,14.01,6.01,15.99],"texture":"#block","cullface":"Know2Good"},
			"west":{"uv":	[8.01,14.01,8.99,15.99],"texture":"#block","cullface":"Know2Good"},
			"east":{"uv":	[6.01,14.01,6.99,15.99],"texture":"#block","cullface":"Know2Good"}
		}
	},
	{
		"__comment":"Beetroot north bottom left to top right",
		"from": [6,-1,2],
		"to": [7,2,4],
		"faces": {
			"up":{"uv":		[9.01,13.01,9.99,13.99],"texture":"#block","cullface":"Know2Good"},
			"north":{"uv":	[9.01,13.01,9.99,15.99],"texture":"#block","cullface":"Know2Good"},
			"south":{"uv":	[9.01,13.01,9.99,15.99],"texture":"#block","cullface":"Know2Good"},
			"west":{"uv":	[9.01,13.01,9.99,15.99],"texture":"#block","cullface":"Know2Good"},
			"east":{"uv":	[9.01,13.01,9.99,15.99],"texture":"#block","cullface":"Know2Good"}
		}
	},
	{
		"__comment":"Beetroot north bottom left to top right",
		"from": [5,-1,2],
		"to": [6,0,4],
		"faces": {
			"up":{"uv":		[10.01,15.01,10.99,15.99],"texture":"#block","cullface":"Know2Good"},
			"north":{"uv":	[10.01,15.01,10.99,15.99],"texture":"#block","cullface":"Know2Good"},
			"south":{"uv":	[10.01,15.01,10.99,15.99],"texture":"#block","cullface":"Know2Good"},
			"west":{"uv":	[10.01,15.01,10.99,15.99],"texture":"#block","cullface":"Know2Good"}
		}
	},
	{
		"__comment":"Beetroot north bottom left to top right",
		"from": [9,1,2],
		"to": [10,2,4],
		"faces": {
			"up":{"uv":		[6.01,13.01,6.99,13.99],"texture":"#block","cullface":"Know2Good"},
			"north":{"uv":	[6.01,13.01,6.99,13.99],"texture":"#block","cullface":"Know2Good"},
			"south":{"uv":	[6.01,13.01,6.99,13.99],"texture":"#block","cullface":"Know2Good"},
			"east":{"uv":	[6.01,13.01,6.99,13.99],"texture":"#block","cullface":"Know2Good"}
		}
	},
	{
		"__comment":"Beetroot north bottom left to top right",
		"from": [8,1,1.75],
		"to": [9,2,4.25],
		"faces": {
			"up":{"uv":		[7.01,13.01,7.99,13.99],"texture":"#block","cullface":"Know2Good"},
			"north":{"uv":	[7.01,13.01,7.99,13.99],"texture":"#block","cullface":"Know2Good"},
			"south":{"uv":	[7.01,13.01,7.99,13.99],"texture":"#block","cullface":"Know2Good"},
			"west":{"uv":	[7.01,13.01,7.99,13.99],"texture":"#block","cullface":"Know2Good"},
			"east":{"uv":	[7.01,13.01,7.99,13.99],"texture":"#block","cullface":"Know2Good"}
		}
	},
	{
		"__comment":"Beetroot north bottom left to top right",
		"from": [7,1,2],
		"to": [8,5,4],
		"faces": {
			"up":{"uv":		[8.01,10.01,8.99,10.99],"texture":"#block","cullface":"Know2Good"},
			"north":{"uv":	[8.01,10.01,8.99,13.99],"texture":"#block","cullface":"Know2Good"},
			"south":{"uv":	[8.01,10.01,8.99,13.99],"texture":"#block","cullface":"Know2Good"},
			"west":{"uv":	[8.01,10.01,8.99,13.99],"texture":"#block","cullface":"Know2Good"},
			"east":{"uv":	[8.01,10.01,8.99,13.99],"texture":"#block","cullface":"Know2Good"}
		}
	},
	{
		"__comment":"Beetroot north bottom left to top right",
		"from": [8,2,2],
		"to": [9,3,4],
		"faces": {
			"up":{"uv":		[7.01,12.01,7.99,12.99],"texture":"#block","cullface":"Know2Good"},
			"north":{"uv":	[7.01,12.01,7.99,12.99],"texture":"#block","cullface":"Know2Good"},
			"south":{"uv":	[7.01,12.01,7.99,12.99],"texture":"#block","cullface":"Know2Good"},
			"east":{"uv":	[7.01,12.01,7.99,12.99],"texture":"#block","cullface":"Know2Good"}
		}
	},
	{
		"__comment":"Beetroot north bottom left to top right",
		"from": [9,3,2.25],
		"to": [10,4,3.75],
		"faces": {
			"down":{"uv":	[6.01,11.01,6.99,11.99],"texture":"#block","cullface":"Know2Good"},
			"north":{"uv":	[6.01,11.01,6.99,11.99],"texture":"#block","cullface":"Know2Good"},
			"south":{"uv":	[6.01,11.01,6.99,11.99],"texture":"#block","cullface":"Know2Good"},
			"west":{"uv":	[6.01,11.01,6.99,11.99],"texture":"#block","cullface":"Know2Good"},
			"east":{"uv":	[6.01,11.01,6.99,11.99],"texture":"#block","cullface":"Know2Good"}
		}
	},
	{
		"__comment":"Beetroot north bottom left to top right",
		"from": [8,3,2.5],
		"to": [9,5,3.5],
		"faces": {
			"north":{"uv":	[7.01,10.01,7.99,11.99],"texture":"#block","cullface":"Know2Good"},
			"south":{"uv":	[7.01,10.01,7.99,11.99],"texture":"#block","cullface":"Know2Good"}
		}
	},
	{
		"__comment":"Beetroot north bottom left to top right",
		"from": [10,4,2.25],
		"to": [11,5,3.75],
		"faces": {
			"down":{"uv":	[5.01,10.01,5.99,10.99],"texture":"#block","cullface":"Know2Good"},
			"north":{"uv":	[5.01,10.01,5.99,10.99],"texture":"#block","cullface":"Know2Good"},
			"south":{"uv":	[5.01,10.01,5.99,10.99],"texture":"#block","cullface":"Know2Good"},
			"east":{"uv":	[5.01,10.01,5.99,10.99],"texture":"#block","cullface":"Know2Good"}
		}
	},
	{
		"__comment":"Beetroot north bottom left to top right",
		"from": [9,4,2],
		"to": [10,5,4],
		"faces": {
			"down":{"uv":	[6.01,10.01,6.99,10.99],"texture":"#block","cullface":"Know2Good"},
			"up":{"uv":		[6.01,10.01,6.99,10.99],"texture":"#block","cullface":"Know2Good"},
			"north":{"uv":	[6.01,10.01,6.99,10.99],"texture":"#block","cullface":"Know2Good"},
			"south":{"uv":	[6.01,10.01,6.99,10.99],"texture":"#block","cullface":"Know2Good"},
			"west":{"uv":	[6.01,10.01,6.99,10.99],"texture":"#block","cullface":"Know2Good"},
			"east":{"uv":	[6.01,10.01,6.99,10.99],"texture":"#block","cullface":"Know2Good"}
		}
	},
	{
		"__comment":"Beetroot north bottom left to top right",
		"from": [6,4,2.5],
		"to": [7,5,3.5],
		"faces": {
			"down":{"uv":	[9.01,10.01,9.99,10.99],"texture":"#block","cullface":"Know2Good"},
			"north":{"uv":	[9.01,10.01,9.99,10.99],"texture":"#block","cullface":"Know2Good"},
			"south":{"uv":	[9.01,10.01,9.99,10.99],"texture":"#block","cullface":"Know2Good"},
			"west":{"uv":	[9.01,10.01,9.99,10.99],"texture":"#block","cullface":"Know2Good"}
		}
	},
	{
		"__comment":"Beetroot north bottom left to top right",
		"from": [11,5,2.25],
		"to": [12,7,3.75],
		"faces": {
			"down":{"uv":	[4.01,9.01,4.99,9.99],"texture":"#block","cullface":"Know2Good"},
			"north":{"uv":	[4.01,8.01,4.99,9.99],"texture":"#block","cullface":"Know2Good"},
			"south":{"uv":	[4.01,8.01,4.99,9.99],"texture":"#block","cullface":"Know2Good"},
			"east":{"uv":	[4.01,8.01,4.99,9.99],"texture":"#block","cullface":"Know2Good"}
		}
	},
	{
		"__comment":"Beetroot north bottom left to top right",
		"from": [10,5,2],
		"to": [11,7,4],
		"faces": {
			"down":{"uv":	[5.01,9.01,5.99,9.99],"texture":"#block","cullface":"Know2Good"},
			"north":{"uv":	[5.01,8.01,5.99,9.99],"texture":"#block","cullface":"Know2Good"},
			"south":{"uv":	[5.01,8.01,5.99,9.99],"texture":"#block","cullface":"Know2Good"},
			"west":{"uv":	[5.01,8.01,5.99,9.99],"texture":"#block","cullface":"Know2Good"},
			"east":{"uv":	[5.01,8.01,5.99,9.99],"texture":"#block","cullface":"Know2Good"}
		}
	},
	{
		"__comment":"Beetroot north bottom left to top right",
		"from": [9,5,2.25],
		"to": [10,7,3.75],
		"faces": {
			"north":{"uv":	[6.01,8.01,6.99,9.99],"texture":"#block","cullface":"Know2Good"},
			"south":{"uv":	[6.01,8.01,6.99,9.99],"texture":"#block","cullface":"Know2Good"}
		}
	},
	{
		"__comment":"Beetroot north bottom left to top right",
		"from": [8,5,2],
		"to": [9,7,4],
		"faces": {
			"down":{"uv":	[7.01,9.01,7.99,9.99],"texture":"#block","cullface":"Know2Good"},
			"up":{"uv":		[7.01,8.01,7.99,8.99],"texture":"#block","cullface":"Know2Good"},
			"north":{"uv":	[7.01,8.01,7.99,9.99],"texture":"#block","cullface":"Know2Good"},
			"south":{"uv":	[7.01,8.01,7.99,9.99],"texture":"#block","cullface":"Know2Good"},
			"west":{"uv":	[7.01,8.01,7.99,9.99],"texture":"#block","cullface":"Know2Good"},
			"east":{"uv":	[7.01,8.01,7.99,9.99],"texture":"#block","cullface":"Know2Good"}
		}
	},
	{
		"__comment":"Beetroot north bottom left to top right",
		"from": [7,5,2.25],
		"to": [8,7,3.75],
		"faces": {
			"up":{"uv":		[8.01,8.01,8.99,8.99],"texture":"#block","cullface":"Know2Good"},
			"north":{"uv":	[8.01,8.01,8.99,9.99],"texture":"#block","cullface":"Know2Good"},
			"south":{"uv":	[8.01,8.01,8.99,9.99],"texture":"#block","cullface":"Know2Good"}
		}
	},
	{
		"__comment":"Beetroot north bottom left to top right",
		"from": [6,5,2],
		"to": [7,6,4],
		"faces": {
			"down":{"uv":	[9.01,9.01,9.99,9.99],"texture":"#block","cullface":"Know2Good"},
			"up":{"uv":		[9.01,9.01,9.99,9.99],"texture":"#block","cullface":"Know2Good"},
			"north":{"uv":	[9.01,9.01,9.99,9.99],"texture":"#block","cullface":"Know2Good"},
			"south":{"uv":	[9.01,9.01,9.99,9.99],"texture":"#block","cullface":"Know2Good"},
			"west":{"uv":	[9.01,9.01,9.99,9.99],"texture":"#block","cullface":"Know2Good"},
			"east":{"uv":	[9.01,9.01,9.99,9.99],"texture":"#block","cullface":"Know2Good"}
		}
	},
	{
		"__comment":"Beetroot north bottom left to top right",
		"from": [5,5,2.5],
		"to": [6,6,3.5],
		"faces": {
			"down":{"uv":	[10.01,9.01,10.99,9.99],"texture":"#block","cullface":"Know2Good"},
			"north":{"uv":	[10.01,9.01,10.99,9.99],"texture":"#block","cullface":"Know2Good"},
			"south":{"uv":	[10.01,9.01,10.99,9.99],"texture":"#block","cullface":"Know2Good"},
			"west":{"uv":	[10.01,9.01,10.99,9.99],"texture":"#block","cullface":"Know2Good"}
		}
	},
	{
		"__comment":"Beetroot north bottom left to top right",
		"from": [6,6,2.25],
		"to": [7,7,3.75],
		"faces": {
			"north":{"uv":	[9.01,8.01,9.99,8.99],"texture":"#block","cullface":"Know2Good"},
			"south":{"uv":	[9.01,8.01,9.99,8.99],"texture":"#block","cullface":"Know2Good"}
		}
	},
	{
		"__comment":"Beetroot north bottom left to top right",
		"from": [5,6,2],
		"to": [6,7,4],
		"faces": {
			"down":{"uv":	[10.01,8.01,10.99,8.99],"texture":"#block","cullface":"Know2Good"},
			"up":{"uv":		[10.01,8.01,10.99,8.99],"texture":"#block","cullface":"Know2Good"},
			"north":{"uv":	[10.01,8.01,10.99,8.99],"texture":"#block","cullface":"Know2Good"},
			"south":{"uv":	[10.01,8.01,10.99,8.99],"texture":"#block","cullface":"Know2Good"},
			"west":{"uv":	[10.01,8.01,10.99,8.99],"texture":"#block","cullface":"Know2Good"},
			"east":{"uv":	[10.01,8.01,10.99,8.99],"texture":"#block","cullface":"Know2Good"}
		}
	},
	{
		"__comment":"Beetroot north bottom left to top right",
		"from": [4,6,2.5],
		"to": [5,7,3.5],
		"faces": {
			"down":{"uv":	[11.01,8.01,11.99,8.99],"texture":"#block","cullface":"Know2Good"},
			"north":{"uv":	[11.01,8.01,11.99,8.99],"texture":"#block","cullface":"Know2Good"},
			"south":{"uv":	[11.01,8.01,11.99,8.99],"texture":"#block","cullface":"Know2Good"},
			"west":{"uv":	[11.01,8.01,11.99,8.99],"texture":"#block","cullface":"Know2Good"}
		}
	},
	{
		"__comment":"Beetroot north bottom left to top right",
		"from": [9,7,2],
		"to": [12,9,4],
		"faces": {
			"down":{"uv":	[4.01,7.01,6.99,7.99],"texture":"#block","cullface":"Know2Good","rotation":180},
			"up":{"uv":		[4.01,6.01,6.99,6.99],"texture":"#block","cullface":"Know2Good","rotation":180},
			"north":{"uv":	[4.01,6.01,6.99,7.99],"texture":"#block","cullface":"Know2Good"},
			"south":{"uv":	[6.99,6.01,4.01,7.99],"texture":"#block","cullface":"Know2Good"},
			"west":{"uv":	[6.01,6.01,6.99,7.99],"texture":"#block","cullface":"Know2Good"},
			"east":{"uv":	[4.01,6.01,4.99,7.99],"texture":"#block","cullface":"Know2Good"}
		}
	},
	{
		"__comment":"Beetroot north bottom left to top right",
		"from": [6,7,2],
		"to": [7,8,4],
		"faces": {
			"down":{"uv":	[9.01,7.01,9.99,7.99],"texture":"#block","cullface":"Know2Good"},
			"up":{"uv":		[9.01,7.01,9.99,7.99],"texture":"#block","cullface":"Know2Good"},
			"north":{"uv":	[9.01,7.01,9.99,7.99],"texture":"#block","cullface":"Know2Good"},
			"south":{"uv":	[9.01,7.01,9.99,7.99],"texture":"#block","cullface":"Know2Good"},
			"east":{"uv":	[9.01,7.01,9.99,7.99],"texture":"#block","cullface":"Know2Good"}
		}
	},
	{
		"__comment":"Beetroot north bottom left to top right",
		"from": [5,7,2],
		"to": [6,9,4],
		"faces": {
			"down":{"uv":	[10.01,7.01,10.99,7.99],"texture":"#block","cullface":"Know2Good"},
			"up":{"uv":		[10.01,6.01,10.99,6.99],"texture":"#block","cullface":"Know2Good"},
			"north":{"uv":	[10.01,6.01,10.99,7.99],"texture":"#block","cullface":"Know2Good"},
			"south":{"uv":	[10.01,6.01,10.99,7.99],"texture":"#block","cullface":"Know2Good"},
			"west":{"uv":	[10.01,6.01,10.99,7.99],"texture":"#block","cullface":"Know2Good"},
			"east":{"uv":	[10.01,6.01,10.99,7.99],"texture":"#block","cullface":"Know2Good"}
		}
	},
	{
		"__comment":"Beetroot north bottom left to top right",
		"from": [4,7,2.25],
		"to": [5,8,3.75],
		"faces": {
			"down":{"uv":	[11.01,7.01,11.99,7.99],"texture":"#block","cullface":"Know2Good"},
			"up":{"uv":		[11.01,7.01,11.99,7.99],"texture":"#block","cullface":"Know2Good"},
			"north":{"uv":	[11.01,7.01,11.99,7.99],"texture":"#block","cullface":"Know2Good"},
			"south":{"uv":	[11.01,7.01,11.99,7.99],"texture":"#block","cullface":"Know2Good"},
			"west":{"uv":	[11.01,7.01,11.99,7.99],"texture":"#block","cullface":"Know2Good"}
		}
	},
	{
		"__comment":"Beetroot north bottom left to top right",
		"from": [4,8,2.5],
		"to": [5,9,3.5],
		"faces": {
			"up":{"uv":		[11.01,6.01,11.99,6.99],"texture":"#block","cullface":"Know2Good"},
			"north":{"uv":	[11.01,6.01,11.99,6.99],"texture":"#block","cullface":"Know2Good"},
			"south":{"uv":	[11.01,6.01,11.99,6.99],"texture":"#block","cullface":"Know2Good"},
			"west":{"uv":	[11.01,6.01,11.99,6.99],"texture":"#block","cullface":"Know2Good"}
		}
	},
	{
		"__comment":"Beetroot east bottom left to top right",
		"from": [11.75,-1,6],
		"to": [14.25,0,10],
		"faces": {
			"up":{"uv":		[11.01,15.01,14.99,15.99],"texture":"#block","cullface":"Know2Good","rotation":270},
			"north":{"uv":	[14.01,15.01,14.99,15.99],"texture":"#block","cullface":"Know2Good"},
			"south":{"uv":	[11.01,15.01,11.99,15.99],"texture":"#block","cullface":"Know2Good"},
			"west":{"uv":	[11.01,15.01,14.99,15.99],"texture":"#block","cullface":"Know2Good","rotation":180},
			"east":{"uv":	[11.01,15.01,14.99,15.99],"texture":"#block","cullface":"Know2Good"}
		}
	},
	{
		"__comment":"Beetroot east bottom left to top right",
		"from": [12,-1,5],
		"to": [14,0,6],
		"faces": {
			"up":{"uv":		[15.01,15.01,15.99,15.99],"texture":"#block","cullface":"Know2Good"},
			"north":{"uv":	[15.01,15.01,15.99,15.99],"texture":"#block","cullface":"Know2Good"},
			"west":{"uv":	[15.01,15.01,15.99,15.99],"texture":"#block","cullface":"Know2Good"},
			"east":{"uv":	[15.01,15.01,15.99,15.99],"texture":"#block","cullface":"Know2Good"}
		}
	},
	{
		"__comment":"Beetroot east bottom left to top right",
		"from": [11.75,0,7],
		"to": [14.25,1,9],
		"faces": {
			"up":{"uv":		[12.01,14.01,13.99,14.99],"texture":"#block","cullface":"Know2Good","rotation":270},
			"north":{"uv":	[13.01,14.01,13.99,14.99],"texture":"#block","cullface":"Know2Good"},
			"south":{"uv":	[12.01,14.01,12.99,14.99],"texture":"#block","cullface":"Know2Good"},
			"west":{"uv":	[12.01,14.01,13.99,14.99],"texture":"#block","cullface":"Know2Good","rotation":180},
			"east":{"uv":	[12.01,14.01,13.99,14.99],"texture":"#block","cullface":"Know2Good"}
		}
	},
	{
		"__comment":"Beetroot east bottom left to top right",
		"from": [12,0,6],
		"to": [14,2,7],
		"faces": {
			"up":{"uv":		[14.01,13.01,14.99,13.99],"texture":"#block","cullface":"Know2Good"},
			"north":{"uv":	[14.01,13.01,14.99,14.99],"texture":"#block","cullface":"Know2Good"},
			"west":{"uv":	[14.01,13.01,14.99,14.99],"texture":"#block","cullface":"Know2Good"},
			"east":{"uv":	[14.01,13.01,14.99,14.99],"texture":"#block","cullface":"Know2Good"}
		}
	},
	{
		"__comment":"Beetroot east bottom left to top right",
		"from": [12,1,8],
		"to": [14,2,9],
		"faces": {
			"up":{"uv":		[12.01,13.01,12.99,13.99],"texture":"#block","cullface":"Know2Good"},
			"south":{"uv":	[12.01,13.01,12.99,13.99],"texture":"#block","cullface":"Know2Good"},
			"west":{"uv":	[12.01,13.01,12.99,13.99],"texture":"#block","cullface":"Know2Good"},
			"east":{"uv":	[12.01,13.01,12.99,13.99],"texture":"#block","cullface":"Know2Good"}
		}
	},
	{
		"__comment":"Beetroot east bottom left to top right",
		"from": [11.75,1,7],
		"to": [14.25,2,8],
		"faces": {
			"up":{"uv":		[13.01,13.01,13.99,13.99],"texture":"#block","cullface":"Know2Good"},
			"north":{"uv":	[13.01,13.01,13.99,13.99],"texture":"#block","cullface":"Know2Good"},
			"south":{"uv":	[13.01,13.01,13.99,13.99],"texture":"#block","cullface":"Know2Good"},
			"west":{"uv":	[13.01,13.01,13.99,13.99],"texture":"#block","cullface":"Know2Good"},
			"east":{"uv":	[13.01,13.01,13.99,13.99],"texture":"#block","cullface":"Know2Good"}
		}
	},
	{
		"__comment":"Beetroot east bottom left to top right",
		"from": [12.5,2,8],
		"to": [13.5,3,9],
		"faces": {
			"south":{"uv":	[12.01,12.01,12.99,12.99],"texture":"#block","cullface":"Know2Good"},
			"west":{"uv":	[12.01,12.01,12.99,12.99],"texture":"#block","cullface":"Know2Good"},
			"east":{"uv":	[12.01,12.01,12.99,12.99],"texture":"#block","cullface":"Know2Good"}
		}
	},
	{
		"__comment":"Beetroot east bottom left to top right",
		"from": [12,2,7],
		"to": [14,5,8],
		"faces": {
			"up":{"uv":		[13.01,10.01,13.99,10.99],"texture":"#block","cullface":"Know2Good"},
			"north":{"uv":	[13.01,10.01,13.99,12.99],"texture":"#block","cullface":"Know2Good"},
			"south":{"uv":	[13.01,10.01,13.99,12.99],"texture":"#block","cullface":"Know2Good"},
			"west":{"uv":	[13.01,10.01,13.99,12.99],"texture":"#block","cullface":"Know2Good"},
			"east":{"uv":	[13.01,10.01,13.99,12.99],"texture":"#block","cullface":"Know2Good"}
		}
	},
	{
		"__comment":"Beetroot east bottom left to top right",
		"from": [12.25,2,6],
		"to": [13.75,3,7],
		"faces": {
			"north":{"uv":	[14.01,12.01,14.99,12.99],"texture":"#block","cullface":"Know2Good"},
			"west":{"uv":	[14.01,12.01,14.99,12.99],"texture":"#block","cullface":"Know2Good"},
			"east":{"uv":	[14.01,12.01,14.99,12.99],"texture":"#block","cullface":"Know2Good"}
		}
	},
	{
		"__comment":"Beetroot east bottom left to top right",
		"from": [12.5,3,9],
		"to": [13.5,4,10],
		"faces": {
			"down":{"uv":	[11.01,11.01,11.99,11.99],"texture":"#block","cullface":"Know2Good"},
			"south":{"uv":	[11.01,11.01,11.99,11.99],"texture":"#block","cullface":"Know2Good"},
			"west":{"uv":	[11.01,11.01,11.99,11.99],"texture":"#block","cullface":"Know2Good"},
			"east":{"uv":	[11.01,11.01,11.99,11.99],"texture":"#block","cullface":"Know2Good"}
		}
	},
	{
		"__comment":"Beetroot east bottom left to top right",
		"from": [12.25,3,8],
		"to": [13.75,4,9],
		"faces": {
			"down":{"uv":	[12.01,11.01,12.99,11.99],"texture":"#block","cullface":"Know2Good"},
			"south":{"uv":	[12.01,11.01,12.99,11.99],"texture":"#block","cullface":"Know2Good"},
			"west":{"uv":	[12.01,11.01,12.99,11.99],"texture":"#block","cullface":"Know2Good"},
			"east":{"uv":	[12.01,11.01,12.99,11.99],"texture":"#block","cullface":"Know2Good"}
		}
	},
	{
		"__comment":"Beetroot east bottom left to top right",
		"from": [12,3,6],
		"to": [14,4,7],
		"faces": {
			"down":{"uv":	[14.01,11.01,14.99,11.99],"texture":"#block","cullface":"Know2Good"},
			"up":{"uv":		[14.01,11.01,14.99,11.99],"texture":"#block","cullface":"Know2Good"},
			"north":{"uv":	[14.01,11.01,14.99,11.99],"texture":"#block","cullface":"Know2Good"},
			"west":{"uv":	[14.01,11.01,14.99,11.99],"texture":"#block","cullface":"Know2Good"},
			"east":{"uv":	[14.01,11.01,14.99,11.99],"texture":"#block","cullface":"Know2Good"}
		}
	},
	{
		"__comment":"Beetroot east bottom left to top right",
		"from": [12.25,3,5],
		"to": [13.75,4,6],
		"faces": {
			"down":{"uv":	[15.01,11.01,15.99,11.99],"texture":"#block","cullface":"Know2Good"},
			"up":{"uv":		[15.01,11.01,15.99,11.99],"texture":"#block","cullface":"Know2Good"},
			"north":{"uv":	[15.01,11.01,15.99,11.99],"texture":"#block","cullface":"Know2Good"},
			"west":{"uv":	[15.01,11.01,15.99,11.99],"texture":"#block","cullface":"Know2Good"},
			"east":{"uv":	[15.01,11.01,15.99,11.99],"texture":"#block","cullface":"Know2Good"}
		}
	},
	{
		"__comment":"Beetroot east bottom left to top right",
		"from": [12.25,4,9],
		"to": [13.75,6,10],
		"faces": {
			"down":{"uv":	[11.01,10.01,11.99,10.99],"texture":"#block","cullface":"Know2Good"},
			"up":{"uv":		[11.01,9.01,11.99,9.99],"texture":"#block","cullface":"Know2Good"},
			"south":{"uv":	[11.01,9.01,11.99,10.99],"texture":"#block","cullface":"Know2Good"},
			"west":{"uv":	[11.01,9.01,11.99,10.99],"texture":"#block","cullface":"Know2Good"},
			"east":{"uv":	[11.01,9.01,11.99,10.99],"texture":"#block","cullface":"Know2Good"}
		}
	},
	{
		"__comment":"Beetroot east bottom left to top right",
		"from": [12,4,8],
		"to": [14,5,9],
		"faces": {
			"down":{"uv":	[12.01,10.01,12.99,10.99],"texture":"#block","cullface":"Know2Good"},
			"up":{"uv":		[12.01,10.01,12.99,10.99],"texture":"#block","cullface":"Know2Good"},
			"south":{"uv":	[12.01,10.01,12.99,10.99],"texture":"#block","cullface":"Know2Good"},
			"west":{"uv":	[12.01,10.01,12.99,10.99],"texture":"#block","cullface":"Know2Good"},
			"east":{"uv":	[12.01,10.01,12.99,10.99],"texture":"#block","cullface":"Know2Good"}
		}
	},
	{
		"__comment":"Beetroot east bottom left to top right",
		"from": [12.25,4,6],
		"to": [13.75,5,7],
		"faces": {
			"west":{"uv":	[14.01,10.01,14.99,10.99],"texture":"#block","cullface":"Know2Good"},
			"east":{"uv":	[14.01,10.01,14.99,10.99],"texture":"#block","cullface":"Know2Good"}
		}
	},
	{
		"__comment":"Beetroot east bottom left to top right",
		"from": [12,4,5],
		"to": [14,7,6],
		"faces": {
			"down":{"uv":	[15.01,10.01,15.99,10.99],"texture":"#block","cullface":"Know2Good"},
			"up":{"uv":		[15.01,8.01,15.99,8.99],"texture":"#block","cullface":"Know2Good"},
			"north":{"uv":	[15.01,8.01,15.99,10.99],"texture":"#block","cullface":"Know2Good"},
			"south":{"uv":	[15.01,8.01,15.99,10.99],"texture":"#block","cullface":"Know2Good"},
			"west":{"uv":	[15.01,8.01,15.99,10.99],"texture":"#block","cullface":"Know2Good"},
			"east":{"uv":	[15.01,8.01,15.99,10.99],"texture":"#block","cullface":"Know2Good"}
		}
	},
	{
		"__comment":"Beetroot east bottom left to top right",
		"from": [12.25,5,8],
		"to": [13.75,6,9],
		"faces": {
			"down":{"uv":	[12.01,9.01,12.99,9.99],"texture":"#block","cullface":"Know2Good"},
			"up":{"uv":		[12.01,9.01,12.99,9.99],"texture":"#block","cullface":"Know2Good"},
			"north":{"uv":	[12.01,9.01,12.99,9.99],"texture":"#block","cullface":"Know2Good"},
			"west":{"uv":	[12.01,9.01,12.99,9.99],"texture":"#block","cullface":"Know2Good"},
			"east":{"uv":	[12.01,9.01,12.99,9.99],"texture":"#block","cullface":"Know2Good"}
		}
	},
	{
		"__comment":"Beetroot east bottom left to top right",
		"from": [12,5,6],
		"to": [14,6,7],
		"faces": {
			"up":{"uv":		[14.01,9.01,14.99,9.99],"texture":"#block","cullface":"Know2Good"},
			"south":{"uv":	[14.01,9.01,14.99,9.99],"texture":"#block","cullface":"Know2Good"},
			"west":{"uv":	[14.01,9.01,14.99,9.99],"texture":"#block","cullface":"Know2Good"},
			"east":{"uv":	[14.01,9.01,14.99,9.99],"texture":"#block","cullface":"Know2Good"}
		}
	},
	{
		"__comment":"Beetroot south bottom left to top right",
		"from": [5,-1,12],
		"to": [6,0,14],
		"faces": {
			"up":{"uv":		[5.01,15.01,5.99,15.99],"texture":"#block","cullface":"Know2Good"},
			"north":{"uv":	[5.01,15.01,5.99,15.99],"texture":"#block","cullface":"Know2Good"},
			"south":{"uv":	[5.01,15.01,5.99,15.99],"texture":"#block","cullface":"Know2Good"},
			"west":{"uv":	[5.01,15.01,5.99,15.99],"texture":"#block","cullface":"Know2Good"}
		}
	},
	{
		"__comment":"Beetroot south bottom left to top right",
		"from": [6,-1,11.75],
		"to": [9,1,14.25],
		"faces": {
			"up":{"uv":		[6.01,14.01,8.99,14.99],"texture":"#block","cullface":"Know2Good"},
			"north":{"uv":	[8.99,14.01,6.01,15.99],"texture":"#block","cullface":"Know2Good"},
			"south":{"uv":	[6.01,14.01,8.99,15.99],"texture":"#block","cullface":"Know2Good"},
			"west":{"uv":	[6.01,14.01,6.99,15.99],"texture":"#block","cullface":"Know2Good"},
			"east":{"uv":	[8.01,14.01,8.99,15.99],"texture":"#block","cullface":"Know2Good"}
		}
	},
	{
		"__comment":"Beetroot south bottom left to top right",
		"from": [9,-1,12],
		"to": [10,2,14],
		"faces": {
			"up":{"uv":		[9.01,13.01,9.99,13.99],"texture":"#block","cullface":"Know2Good"},
			"north":{"uv":	[9.01,13.01,9.99,15.99],"texture":"#block","cullface":"Know2Good"},
			"south":{"uv":	[9.01,13.01,9.99,15.99],"texture":"#block","cullface":"Know2Good"},
			"west":{"uv":	[9.01,13.01,9.99,15.99],"texture":"#block","cullface":"Know2Good"},
			"east":{"uv":	[9.01,13.01,9.99,15.99],"texture":"#block","cullface":"Know2Good"}
		}
	},
	{
		"__comment":"Beetroot south bottom left to top right",
		"from": [10,-1,12],
		"to": [11,0,14],
		"faces": {
			"up":{"uv":		[10.01,15.01,10.99,15.99],"texture":"#block","cullface":"Know2Good"},
			"north":{"uv":	[10.01,15.01,10.99,15.99],"texture":"#block","cullface":"Know2Good"},
			"south":{"uv":	[10.01,15.01,10.99,15.99],"texture":"#block","cullface":"Know2Good"},
			"east":{"uv":	[10.01,15.01,10.99,15.99],"texture":"#block","cullface":"Know2Good"}
		}
	},
	{
		"__comment":"Beetroot south bottom left to top right",
		"from": [6,1,12],
		"to": [7,2,14],
		"faces": {
			"up":{"uv":		[6.01,13.01,6.99,13.99],"texture":"#block","cullface":"Know2Good"},
			"north":{"uv":	[6.01,13.01,6.99,13.99],"texture":"#block","cullface":"Know2Good"},
			"south":{"uv":	[6.01,13.01,6.99,13.99],"texture":"#block","cullface":"Know2Good"},
			"west":{"uv":	[6.01,13.01,6.99,13.99],"texture":"#block","cullface":"Know2Good"}
		}
	},
	{
		"__comment":"Beetroot south bottom left to top right",
		"from": [7,1,11.75],
		"to": [8,2,14.25],
		"faces": {
			"up":{"uv":		[7.01,13.01,7.99,13.99],"texture":"#block","cullface":"Know2Good"},
			"north":{"uv":	[7.01,13.01,7.99,13.99],"texture":"#block","cullface":"Know2Good"},
			"south":{"uv":	[7.01,13.01,7.99,13.99],"texture":"#block","cullface":"Know2Good"},
			"west":{"uv":	[7.01,13.01,7.99,13.99],"texture":"#block","cullface":"Know2Good"},
			"east":{"uv":	[7.01,13.01,7.99,13.99],"texture":"#block","cullface":"Know2Good"}
		}
	},
	{
		"__comment":"Beetroot south bottom left to top right",
		"from": [8,1,12],
		"to": [9,5,14],
		"faces": {
			"up":{"uv":		[8.01,10.01,8.99,10.99],"texture":"#block","cullface":"Know2Good"},
			"north":{"uv":	[8.01,10.01,8.99,13.99],"texture":"#block","cullface":"Know2Good"},
			"south":{"uv":	[8.01,10.01,8.99,13.99],"texture":"#block","cullface":"Know2Good"},
			"west":{"uv":	[8.01,10.01,8.99,13.99],"texture":"#block","cullface":"Know2Good"},
			"east":{"uv":	[8.01,10.01,8.99,13.99],"texture":"#block","cullface":"Know2Good"}
		}
	},
	{
		"__comment":"Beetroot south bottom left to top right",
		"from": [7,2,12],
		"to": [8,3,14],
		"faces": {
			"up":{"uv":		[7.01,12.01,7.99,12.99],"texture":"#block","cullface":"Know2Good"},
			"north":{"uv":	[7.01,12.01,7.99,12.99],"texture":"#block","cullface":"Know2Good"},
			"south":{"uv":	[7.01,12.01,7.99,12.99],"texture":"#block","cullface":"Know2Good"},
			"west":{"uv":	[7.01,12.01,7.99,12.99],"texture":"#block","cullface":"Know2Good"}
		}
	},
	{
		"__comment":"Beetroot south bottom left to top right",
		"from": [6,3,12.25],
		"to": [7,4,13.75],
		"faces": {
			"down":{"uv":	[6.01,11.01,6.99,11.99],"texture":"#block","cullface":"Know2Good"},
			"north":{"uv":	[6.01,11.01,6.99,11.99],"texture":"#block","cullface":"Know2Good"},
			"south":{"uv":	[6.01,11.01,6.99,11.99],"texture":"#block","cullface":"Know2Good"},
			"west":{"uv":	[6.01,11.01,6.99,11.99],"texture":"#block","cullface":"Know2Good"},
			"east":{"uv":	[6.01,11.01,6.99,11.99],"texture":"#block","cullface":"Know2Good"}
		}
	},
	{
		"__comment":"Beetroot south bottom left to top right",
		"from": [7,3,12.5],
		"to": [8,5,13.5],
		"faces": {
			"north":{"uv":	[7.01,10.01,7.99,11.99],"texture":"#block","cullface":"Know2Good"},
			"south":{"uv":	[7.01,10.01,7.99,11.99],"texture":"#block","cullface":"Know2Good"}
		}
	},
	{
		"__comment":"Beetroot south bottom left to top right",
		"from": [5,4,12.25],
		"to": [6,5,13.75],
		"faces": {
			"down":{"uv":	[5.01,10.01,5.99,10.99],"texture":"#block","cullface":"Know2Good"},
			"north":{"uv":	[5.01,10.01,5.99,10.99],"texture":"#block","cullface":"Know2Good"},
			"south":{"uv":	[5.01,10.01,5.99,10.99],"texture":"#block","cullface":"Know2Good"},
			"west":{"uv":	[5.01,10.01,5.99,10.99],"texture":"#block","cullface":"Know2Good"}
		}
	},
	{
		"__comment":"Beetroot south bottom left to top right",
		"from": [6,4,12],
		"to": [7,5,14],
		"faces": {
			"down":{"uv":	[6.01,10.01,6.99,10.99],"texture":"#block","cullface":"Know2Good"},
			"up":{"uv":		[6.01,10.01,6.99,10.99],"texture":"#block","cullface":"Know2Good"},
			"north":{"uv":	[6.01,10.01,6.99,10.99],"texture":"#block","cullface":"Know2Good"},
			"south":{"uv":	[6.01,10.01,6.99,10.99],"texture":"#block","cullface":"Know2Good"},
			"west":{"uv":	[6.01,10.01,6.99,10.99],"texture":"#block","cullface":"Know2Good"},
			"east":{"uv":	[6.01,10.01,6.99,10.99],"texture":"#block","cullface":"Know2Good"}
		}
	},
	{
		"__comment":"Beetroot south bottom left to top right",
		"from": [9,4,12.5],
		"to": [10,5,13.5],
		"faces": {
			"down":{"uv":	[9.01,10.01,9.99,10.99],"texture":"#block","cullface":"Know2Good"},
			"north":{"uv":	[9.01,10.01,9.99,10.99],"texture":"#block","cullface":"Know2Good"},
			"south":{"uv":	[9.01,10.01,9.99,10.99],"texture":"#block","cullface":"Know2Good"},
			"east":{"uv":	[9.01,10.01,9.99,10.99],"texture":"#block","cullface":"Know2Good"}
		}
	},
	{
		"__comment":"Beetroot south bottom left to top right",
		"from": [4,5,12.25],
		"to": [5,7,13.75],
		"faces": {
			"down":{"uv":	[4.01,9.01,4.99,9.99],"texture":"#block","cullface":"Know2Good"},
			"north":{"uv":	[4.01,8.01,4.99,9.99],"texture":"#block","cullface":"Know2Good"},
			"south":{"uv":	[4.01,8.01,4.99,9.99],"texture":"#block","cullface":"Know2Good"},
			"west":{"uv":	[4.01,8.01,4.99,9.99],"texture":"#block","cullface":"Know2Good"}
		}
	},
	{
		"__comment":"Beetroot south bottom left to top right",
		"from": [5,5,12],
		"to": [6,7,14],
		"faces": {
			"down":{"uv":	[5.01,9.01,5.99,9.99],"texture":"#block","cullface":"Know2Good"},
			"north":{"uv":	[5.01,8.01,5.99,9.99],"texture":"#block","cullface":"Know2Good"},
			"south":{"uv":	[5.01,8.01,5.99,9.99],"texture":"#block","cullface":"Know2Good"},
			"west":{"uv":	[5.01,8.01,5.99,9.99],"texture":"#block","cullface":"Know2Good"},
			"east":{"uv":	[5.01,8.01,5.99,9.99],"texture":"#block","cullface":"Know2Good"}
		}
	},
	{
		"__comment":"Beetroot south bottom left to top right",
		"from": [6,5,12.25],
		"to": [7,7,13.75],
		"faces": {
			"north":{"uv":	[6.01,8.01,6.99,9.99],"texture":"#block","cullface":"Know2Good"},
			"south":{"uv":	[6.01,8.01,6.99,9.99],"texture":"#block","cullface":"Know2Good"}
		}
	},
	{
		"__comment":"Beetroot south bottom left to top right",
		"from": [7,5,12],
		"to": [8,7,14],
		"faces": {
			"down":{"uv":	[7.01,9.01,7.99,9.99],"texture":"#block","cullface":"Know2Good"},
			"up":{"uv":		[7.01,8.01,7.99,8.99],"texture":"#block","cullface":"Know2Good"},
			"north":{"uv":	[7.01,8.01,7.99,9.99],"texture":"#block","cullface":"Know2Good"},
			"south":{"uv":	[7.01,8.01,7.99,9.99],"texture":"#block","cullface":"Know2Good"},
			"west":{"uv":	[7.01,8.01,7.99,9.99],"texture":"#block","cullface":"Know2Good"},
			"east":{"uv":	[7.01,8.01,7.99,9.99],"texture":"#block","cullface":"Know2Good"}
		}
	},
	{
		"__comment":"Beetroot south bottom left to top right",
		"from": [8,5,12.25],
		"to": [9,7,13.75],
		"faces": {
			"up":{"uv":		[8.01,8.01,8.99,8.99],"texture":"#block","cullface":"Know2Good"},
			"north":{"uv":	[8.01,8.01,8.99,9.99],"texture":"#block","cullface":"Know2Good"},
			"south":{"uv":	[8.01,8.01,8.99,9.99],"texture":"#block","cullface":"Know2Good"}
		}
	},
	{
		"__comment":"Beetroot south bottom left to top right",
		"from": [9,5,12],
		"to": [10,6,14],
		"faces": {
			"down":{"uv":	[9.01,9.01,9.99,9.99],"texture":"#block","cullface":"Know2Good"},
			"up":{"uv":		[9.01,9.01,9.99,9.99],"texture":"#block","cullface":"Know2Good"},
			"north":{"uv":	[9.01,9.01,9.99,9.99],"texture":"#block","cullface":"Know2Good"},
			"south":{"uv":	[9.01,9.01,9.99,9.99],"texture":"#block","cullface":"Know2Good"},
			"west":{"uv":	[9.01,9.01,9.99,9.99],"texture":"#block","cullface":"Know2Good"},
			"east":{"uv":	[9.01,9.01,9.99,9.99],"texture":"#block","cullface":"Know2Good"}
		}
	},
	{
		"__comment":"Beetroot south bottom left to top right",
		"from": [10,5,12.5],
		"to": [11,6,13.5],
		"faces": {
			"down":{"uv":	[10.01,9.01,10.99,9.99],"texture":"#block","cullface":"Know2Good"},
			"north":{"uv":	[10.01,9.01,10.99,9.99],"texture":"#block","cullface":"Know2Good"},
			"south":{"uv":	[10.01,9.01,10.99,9.99],"texture":"#block","cullface":"Know2Good"},
			"east":{"uv":	[10.01,9.01,10.99,9.99],"texture":"#block","cullface":"Know2Good"}
		}
	},
	{
		"__comment":"Beetroot south bottom left to top right",
		"from": [9,6,12.25],
		"to": [10,7,13.75],
		"faces": {
			"north":{"uv":	[9.01,8.01,9.99,8.99],"texture":"#block","cullface":"Know2Good"},
			"south":{"uv":	[9.01,8.01,9.99,8.99],"texture":"#block","cullface":"Know2Good"}
		}
	},
	{
		"__comment":"Beetroot south bottom left to top right",
		"from": [10,6,12],
		"to": [11,7,14],
		"faces": {
			"down":{"uv":	[10.01,8.01,10.99,8.99],"texture":"#block","cullface":"Know2Good"},
			"up":{"uv":		[10.01,8.01,10.99,8.99],"texture":"#block","cullface":"Know2Good"},
			"north":{"uv":	[10.01,8.01,10.99,8.99],"texture":"#block","cullface":"Know2Good"},
			"south":{"uv":	[10.01,8.01,10.99,8.99],"texture":"#block","cullface":"Know2Good"},
			"west":{"uv":	[10.01,8.01,10.99,8.99],"texture":"#block","cullface":"Know2Good"},
			"east":{"uv":	[10.01,8.01,10.99,8.99],"texture":"#block","cullface":"Know2Good"}
		}
	},
	{
		"__comment":"Beetroot south bottom left to top right",
		"from": [11,6,12.5],
		"to": [12,7,13.5],
		"faces": {
			"down":{"uv":	[11.01,8.01,11.99,8.99],"texture":"#block","cullface":"Know2Good"},
			"north":{"uv":	[11.01,8.01,11.99,8.99],"texture":"#block","cullface":"Know2Good"},
			"south":{"uv":	[11.01,8.01,11.99,8.99],"texture":"#block","cullface":"Know2Good"},
			"east":{"uv":	[11.01,8.01,11.99,8.99],"texture":"#block","cullface":"Know2Good"}
		}
	},
	{
		"__comment":"Beetroot south bottom left to top right",
		"from": [4,7,12],
		"to": [7,9,14],
		"faces": {
			"down":{"uv":	[4.01,7.01,6.99,7.99],"texture":"#block","cullface":"Know2Good"},
			"up":{"uv":		[4.01,6.01,6.99,6.99],"texture":"#block","cullface":"Know2Good"},
			"north":{"uv":	[6.99,6.01,4.01,7.99],"texture":"#block","cullface":"Know2Good"},
			"south":{"uv":	[4.01,6.01,6.99,7.99],"texture":"#block","cullface":"Know2Good"},
			"west":{"uv":	[4.01,6.01,4.99,7.99],"texture":"#block","cullface":"Know2Good"},
			"east":{"uv":	[6.01,6.01,6.99,7.99],"texture":"#block","cullface":"Know2Good"}
		}
	},
	{
		"__comment":"Beetroot south bottom left to top right",
		"from": [9,7,12],
		"to": [10,8,14],
		"faces": {
			"down":{"uv":	[9.01,7.01,9.99,7.99],"texture":"#block","cullface":"Know2Good"},
			"up":{"uv":		[9.01,7.01,9.99,7.99],"texture":"#block","cullface":"Know2Good"},
			"north":{"uv":	[9.01,7.01,9.99,7.99],"texture":"#block","cullface":"Know2Good"},
			"south":{"uv":	[9.01,7.01,9.99,7.99],"texture":"#block","cullface":"Know2Good"},
			"west":{"uv":	[9.01,7.01,9.99,7.99],"texture":"#block","cullface":"Know2Good"}
		}
	},
	{
		"__comment":"Beetroot south bottom left to top right",
		"from": [10,7,12],
		"to": [11,9,14],
		"faces": {
			"down":{"uv":	[10.01,7.01,10.99,7.99],"texture":"#block","cullface":"Know2Good"},
			"up":{"uv":		[10.01,6.01,10.99,6.99],"texture":"#block","cullface":"Know2Good"},
			"north":{"uv":	[10.01,6.01,10.99,7.99],"texture":"#block","cullface":"Know2Good"},
			"south":{"uv":	[10.01,6.01,10.99,7.99],"texture":"#block","cullface":"Know2Good"},
			"west":{"uv":	[10.01,6.01,10.99,7.99],"texture":"#block","cullface":"Know2Good"},
			"east":{"uv":	[10.01,6.01,10.99,7.99],"texture":"#block","cullface":"Know2Good"}
		}
	},
	{
		"__comment":"Beetroot south bottom left to top right",
		"from": [11,7,12.25],
		"to": [12,8,13.75],
		"faces": {
			"down":{"uv":	[11.01,7.01,11.99,7.99],"texture":"#block","cullface":"Know2Good"},
			"up":{"uv":		[11.01,7.01,11.99,7.99],"texture":"#block","cullface":"Know2Good"},
			"north":{"uv":	[11.01,7.01,11.99,7.99],"texture":"#block","cullface":"Know2Good"},
			"south":{"uv":	[11.01,7.01,11.99,7.99],"texture":"#block","cullface":"Know2Good"},
			"east":{"uv":	[11.01,7.01,11.99,7.99],"texture":"#block","cullface":"Know2Good"}
		}
	},
	{
		"__comment":"Beetroot south bottom left to top right",
		"from": [11,8,12.5],
		"to": [12,9,13.5],
		"faces": {
			"up":{"uv":		[11.01,6.01,11.99,6.99],"texture":"#block","cullface":"Know2Good"},
			"north":{"uv":	[11.01,6.01,11.99,6.99],"texture":"#block","cullface":"Know2Good"},
			"south":{"uv":	[11.01,6.01,11.99,6.99],"texture":"#block","cullface":"Know2Good"},
			"east":{"uv":	[11.01,6.01,11.99,6.99],"texture":"#block","cullface":"Know2Good"}
		}
	},
	{
		"__comment":"Beetroot west bottom left to top right",
		"from": [1.75,-1,6],
		"to": [4.25,0,10],
		"faces": {
			"up":{"uv":		[11.01,15.01,14.99,15.99],"texture":"#block","cullface":"Know2Good","rotation":90},
			"north":{"uv":	[11.01,15.01,11.99,15.99],"texture":"#block","cullface":"Know2Good"},
			"south":{"uv":	[14.01,15.01,14.99,15.99],"texture":"#block","cullface":"Know2Good"},
			"west":{"uv":	[11.01,15.01,14.99,15.99],"texture":"#block","cullface":"Know2Good"},
			"east":{"uv":	[11.01,15.01,14.99,15.99],"texture":"#block","cullface":"Know2Good","rotation":180}
		}
	},
	{
		"__comment":"Beetroot west bottom left to top right",
		"from": [2,-1,10],
		"to": [4,0,11],
		"faces": {
			"up":{"uv":		[15.01,15.01,15.99,15.99],"texture":"#block","cullface":"Know2Good"},
			"south":{"uv":	[15.01,15.01,15.99,15.99],"texture":"#block","cullface":"Know2Good"},
			"west":{"uv":	[15.01,15.01,15.99,15.99],"texture":"#block","cullface":"Know2Good"},
			"east":{"uv":	[15.01,15.01,15.99,15.99],"texture":"#block","cullface":"Know2Good"}
		}
	},
	{
		"__comment":"Beetroot west bottom left to top right",
		"from": [1.75,0,7],
		"to": [4.25,1,9],
		"faces": {
			"up":{"uv":		[12.01,14.01,13.99,14.99],"texture":"#block","cullface":"Know2Good","rotation":90},
			"north":{"uv":	[12.01,14.01,12.99,14.99],"texture":"#block","cullface":"Know2Good"},
			"south":{"uv":	[13.01,14.01,13.99,14.99],"texture":"#block","cullface":"Know2Good"},
			"west":{"uv":	[12.01,14.01,13.99,14.99],"texture":"#block","cullface":"Know2Good"},
			"east":{"uv":	[12.01,14.01,13.99,14.99],"texture":"#block","cullface":"Know2Good","rotation":180}
		}
	},
	{
		"__comment":"Beetroot west bottom left to top right",
		"from": [2,0,9],
		"to": [4,2,10],
		"faces": {
			"up":{"uv":		[14.01,13.01,14.99,13.99],"texture":"#block","cullface":"Know2Good"},
			"south":{"uv":	[14.01,13.01,14.99,14.99],"texture":"#block","cullface":"Know2Good"},
			"west":{"uv":	[14.01,13.01,14.99,14.99],"texture":"#block","cullface":"Know2Good"},
			"east":{"uv":	[14.01,13.01,14.99,14.99],"texture":"#block","cullface":"Know2Good"}
		}
	},
	{
		"__comment":"Beetroot west bottom left to top right",
		"from": [2,1,7],
		"to": [4,2,8],
		"faces": {
			"up":{"uv":		[12.01,13.01,12.99,13.99],"texture":"#block","cullface":"Know2Good"},
			"north":{"uv":	[12.01,13.01,12.99,13.99],"texture":"#block","cullface":"Know2Good"},
			"west":{"uv":	[12.01,13.01,12.99,13.99],"texture":"#block","cullface":"Know2Good"},
			"east":{"uv":	[12.01,13.01,12.99,13.99],"texture":"#block","cullface":"Know2Good"}
		}
	},
	{
		"__comment":"Beetroot west bottom left to top right",
		"from": [1.75,1,8],
		"to": [4.25,2,9],
		"faces": {
			"up":{"uv":		[13.01,13.01,13.99,13.99],"texture":"#block","cullface":"Know2Good"},
			"north":{"uv":	[13.01,13.01,13.99,13.99],"texture":"#block","cullface":"Know2Good"},
			"south":{"uv":	[13.01,13.01,13.99,13.99],"texture":"#block","cullface":"Know2Good"},
			"west":{"uv":	[13.01,13.01,13.99,13.99],"texture":"#block","cullface":"Know2Good"},
			"east":{"uv":	[13.01,13.01,13.99,13.99],"texture":"#block","cullface":"Know2Good"}
		}
	},
	{
		"__comment":"Beetroot west bottom left to top right",
		"from": [2.5,2,7],
		"to": [3.5,3,8],
		"faces": {
			"north":{"uv":	[12.01,12.01,12.99,12.99],"texture":"#block","cullface":"Know2Good"},
			"west":{"uv":	[12.01,12.01,12.99,12.99],"texture":"#block","cullface":"Know2Good"},
			"east":{"uv":	[12.01,12.01,12.99,12.99],"texture":"#block","cullface":"Know2Good"}
		}
	},
	{
		"__comment":"Beetroot west bottom left to top right",
		"from": [2,2,8],
		"to": [4,5,9],
		"faces": {
			"up":{"uv":		[13.01,10.01,13.99,10.99],"texture":"#block","cullface":"Know2Good"},
			"north":{"uv":	[13.01,10.01,13.99,12.99],"texture":"#block","cullface":"Know2Good"},
			"south":{"uv":	[13.01,10.01,13.99,12.99],"texture":"#block","cullface":"Know2Good"},
			"west":{"uv":	[13.01,10.01,13.99,12.99],"texture":"#block","cullface":"Know2Good"},
			"east":{"uv":	[13.01,10.01,13.99,12.99],"texture":"#block","cullface":"Know2Good"}
		}
	},
	{
		"__comment":"Beetroot west bottom left to top right",
		"from": [2.25,2,9],
		"to": [3.75,3,10],
		"faces": {
			"south":{"uv":	[14.01,12.01,14.99,12.99],"texture":"#block","cullface":"Know2Good"},
			"west":{"uv":	[14.01,12.01,14.99,12.99],"texture":"#block","cullface":"Know2Good"},
			"east":{"uv":	[14.01,12.01,14.99,12.99],"texture":"#block","cullface":"Know2Good"}
		}
	},
	{
		"__comment":"Beetroot west bottom left to top right",
		"from": [2.5,3,6],
		"to": [3.5,4,7],
		"faces": {
			"down":{"uv":	[11.01,11.01,11.99,11.99],"texture":"#block","cullface":"Know2Good"},
			"north":{"uv":	[11.01,11.01,11.99,11.99],"texture":"#block","cullface":"Know2Good"},
			"west":{"uv":	[11.01,11.01,11.99,11.99],"texture":"#block","cullface":"Know2Good"},
			"east":{"uv":	[11.01,11.01,11.99,11.99],"texture":"#block","cullface":"Know2Good"}
		}
	},
	{
		"__comment":"Beetroot west bottom left to top right",
		"from": [2.25,3,7],
		"to": [3.75,4,8],
		"faces": {
			"down":{"uv":	[12.01,11.01,12.99,11.99],"texture":"#block","cullface":"Know2Good"},
			"north":{"uv":	[12.01,11.01,12.99,11.99],"texture":"#block","cullface":"Know2Good"},
			"west":{"uv":	[12.01,11.01,12.99,11.99],"texture":"#block","cullface":"Know2Good"},
			"east":{"uv":	[12.01,11.01,12.99,11.99],"texture":"#block","cullface":"Know2Good"}
		}
	},
	{
		"__comment":"Beetroot west bottom left to top right",
		"from": [2,3,9],
		"to": [4,4,10],
		"faces": {
			"down":{"uv":	[14.01,11.01,14.99,11.99],"texture":"#block","cullface":"Know2Good"},
			"up":{"uv":		[14.01,11.01,14.99,11.99],"texture":"#block","cullface":"Know2Good"},
			"south":{"uv":	[14.01,11.01,14.99,11.99],"texture":"#block","cullface":"Know2Good"},
			"west":{"uv":	[14.01,11.01,14.99,11.99],"texture":"#block","cullface":"Know2Good"},
			"east":{"uv":	[14.01,11.01,14.99,11.99],"texture":"#block","cullface":"Know2Good"}
		}
	},
	{
		"__comment":"Beetroot west bottom left to top right",
		"from": [2.25,3,10],
		"to": [3.75,4,11],
		"faces": {
			"down":{"uv":	[15.01,11.01,15.99,11.99],"texture":"#block","cullface":"Know2Good"},
			"up":{"uv":		[15.01,11.01,15.99,11.99],"texture":"#block","cullface":"Know2Good"},
			"south":{"uv":	[15.01,11.01,15.99,11.99],"texture":"#block","cullface":"Know2Good"},
			"west":{"uv":	[15.01,11.01,15.99,11.99],"texture":"#block","cullface":"Know2Good"},
			"east":{"uv":	[15.01,11.01,15.99,11.99],"texture":"#block","cullface":"Know2Good"}
		}
	},
	{
		"__comment":"Beetroot west bottom left to top right",
		"from": [2.25,4,6],
		"to": [3.75,6,7],
		"faces": {
			"down":{"uv":	[11.01,10.01,11.99,10.99],"texture":"#block","cullface":"Know2Good"},
			"up":{"uv":		[11.01,9.01,11.99,9.99],"texture":"#block","cullface":"Know2Good"},
			"north":{"uv":	[11.01,9.01,11.99,10.99],"texture":"#block","cullface":"Know2Good"},
			"west":{"uv":	[11.01,9.01,11.99,10.99],"texture":"#block","cullface":"Know2Good"},
			"east":{"uv":	[11.01,9.01,11.99,10.99],"texture":"#block","cullface":"Know2Good"}
		}
	},
	{
		"__comment":"Beetroot west bottom left to top right",
		"from": [2,4,7],
		"to": [4,5,8],
		"faces": {
			"down":{"uv":	[12.01,10.01,12.99,10.99],"texture":"#block","cullface":"Know2Good"},
			"up":{"uv":		[12.01,10.01,12.99,10.99],"texture":"#block","cullface":"Know2Good"},
			"north":{"uv":	[12.01,10.01,12.99,10.99],"texture":"#block","cullface":"Know2Good"},
			"west":{"uv":	[12.01,10.01,12.99,10.99],"texture":"#block","cullface":"Know2Good"},
			"east":{"uv":	[12.01,10.01,12.99,10.99],"texture":"#block","cullface":"Know2Good"}
		}
	},
	{
		"__comment":"Beetroot west bottom left to top right",
		"from": [2.25,4,9],
		"to": [3.75,5,10],
		"faces": {
			"west":{"uv":	[14.01,10.01,14.99,10.99],"texture":"#block","cullface":"Know2Good"},
			"east":{"uv":	[14.01,10.01,14.99,10.99],"texture":"#block","cullface":"Know2Good"}
		}
	},
	{
		"__comment":"Beetroot west bottom left to top right",
		"from": [2,4,10],
		"to": [4,7,11],
		"faces": {
			"down":{"uv":	[15.01,10.01,15.99,10.99],"texture":"#block","cullface":"Know2Good"},
			"up":{"uv":		[15.01,8.01,15.99,8.99],"texture":"#block","cullface":"Know2Good"},
			"north":{"uv":	[15.01,8.01,15.99,10.99],"texture":"#block","cullface":"Know2Good"},
			"south":{"uv":	[15.01,8.01,15.99,10.99],"texture":"#block","cullface":"Know2Good"},
			"west":{"uv":	[15.01,8.01,15.99,10.99],"texture":"#block","cullface":"Know2Good"},
			"east":{"uv":	[15.01,8.01,15.99,10.99],"texture":"#block","cullface":"Know2Good"}
		}
	},
	{
		"__comment":"Beetroot west bottom left to top right",
		"from": [2.25,5,7],
		"to": [3.75,6,8],
		"faces": {
			"down":{"uv":	[12.01,9.01,12.99,9.99],"texture":"#block","cullface":"Know2Good"},
			"up":{"uv":		[12.01,9.01,12.99,9.99],"texture":"#block","cullface":"Know2Good"},
			"south":{"uv":	[12.01,9.01,12.99,9.99],"texture":"#block","cullface":"Know2Good"},
			"west":{"uv":	[12.01,9.01,12.99,9.99],"texture":"#block","cullface":"Know2Good"},
			"east":{"uv":	[12.01,9.01,12.99,9.99],"texture":"#block","cullface":"Know2Good"}
		}
	},
	{
		"__comment":"Beetroot west bottom left to top right",
		"from": [2,5,9],
		"to": [4,6,10],
		"faces": {
			"up":{"uv":		[14.01,9.01,14.99,9.99],"texture":"#block","cullface":"Know2Good"},
			"north":{"uv":	[14.01,9.01,14.99,9.99],"texture":"#block","cullface":"Know2Good"},
			"west":{"uv":	[14.01,9.01,14.99,9.99],"texture":"#block","cullface":"Know2Good"},
			"east":{"uv":	[14.01,9.01,14.99,9.99],"texture":"#block","cullface":"Know2Good"}
            }
        }
    ]
}