{
"__comment":"Made by Know2Good, part of the 'Default 3D' resource pack || Official download page: http://www.planetminecraft.com/texture_pack/default-3d-2985741/ || © Know2Good. All rights reserved. ",
"__comment":"OK",

"textures": {
    "block": 	"know2good/blocks/plant/beetroots/beetroots_stage1",
    "particle": "know2good/blocks/plant/beetroots/beetroots_stage1"

},
"elements":[
	{
		"__comment":"Beetroot north bottom left to top right",
		"from": [7,-1,2.5],
		"to": [9,0,3.5],
		"faces": {
			"up":{"uv":		[6.01,15.01,7.99,15.99],"texture":"#block","cullface":"Know2Good","rotation":180},
			"north":{"uv":	[6.01,15.01,7.99,15.99],"texture":"#block","cullface":"Know2Good"},
			"south":{"uv":	[6.01,15.01,7.99,15.99],"texture":"#block","cullface":"Know2Good","rotation":180},
			"west":{"uv":	[7.01,15.01,7.99,15.99],"texture":"#block","cullface":"Know2Good"},
			"east":{"uv":	[6.01,15.01,6.99,15.99],"texture":"#block","cullface":"Know2Good"}
		}
	},
	{
		"__comment":"Beetroot north bottom left to top right",
		"from": [7,0,2.5],
		"to": [8,1,3.5],
		"faces": {
			"up":{"uv":		[7.01,14.01,7.99,14.99],"texture":"#block","cullface":"Know2Good"},
			"north":{"uv":	[7.01,14.01,7.99,14.99],"texture":"#block","cullface":"Know2Good"},
			"south":{"uv":	[7.01,14.01,7.99,14.99],"texture":"#block","cullface":"Know2Good"},
			"west":{"uv":	[7.01,14.01,7.99,14.99],"texture":"#block","cullface":"Know2Good"},
			"east":{"uv":	[7.01,14.01,7.99,14.99],"texture":"#block","cullface":"Know2Good"}
		}
	},
	{
		"__comment":"Beetroot north bottom left to top right",
		"from": [6,1,2.25],
		"to": [9,2,3.75],
		"faces": {
			"down":{"uv":	[6.01,13.01,8.99,13.99],"texture":"#block","cullface":"Know2Good","rotation":180},
			"up":{"uv":		[6.01,13.01,8.99,13.99],"texture":"#block","cullface":"Know2Good","rotation":180},
			"north":{"uv":	[6.01,13.01,8.99,13.99],"texture":"#block","cullface":"Know2Good"},
			"south":{"uv":	[6.01,13.01,8.99,13.99],"texture":"#block","cullface":"Know2Good","rotation":180},
			"west":{"uv":	[8.01,13.01,8.99,13.99],"texture":"#block","cullface":"Know2Good"},
			"east":{"uv":	[6.01,13.01,6.99,13.99],"texture":"#block","cullface":"Know2Good"}
		}
	},
	{
		"__comment":"Beetroot north bottom left to top right",
		"from": [5,1,2.5],
		"to": [6,2,3.5],
		"faces": {
			"down":{"uv":	[9.01,13.01,9.99,13.99],"texture":"#block","cullface":"Know2Good"},
			"north":{"uv":	[9.01,13.01,9.99,13.99],"texture":"#block","cullface":"Know2Good"},
			"south":{"uv":	[9.01,13.01,9.99,13.99],"texture":"#block","cullface":"Know2Good"},
			"west":{"uv":	[9.01,13.01,9.99,13.99],"texture":"#block","cullface":"Know2Good"}
		}
	},
	{
		"__comment":"Beetroot north bottom left to top right",
		"from": [8,2,2.25],
		"to": [10,4,3.75],
		"faces": {
			"down":{"uv":	[5.01,11.01,6.99,11.99],"texture":"#block","cullface":"Know2Good"},
			"up":{"uv":		[5.01,12.01,6.99,12.99],"texture":"#block","cullface":"Know2Good"},
			"north":{"uv":	[5.01,11.01,6.99,12.99],"texture":"#block","cullface":"Know2Good"},
			"south":{"uv":	[6.99,11.01,5.01,12.99],"texture":"#block","cullface":"Know2Good"},
			"west":{"uv":	[6.01,11.01,6.99,12.99],"texture":"#block","cullface":"Know2Good"},
			"east":{"uv":	[5.01,11.01,5.99,12.99],"texture":"#block","cullface":"Know2Good"}
		}
	},
	{
		"__comment":"Beetroot north bottom left to top right",
		"from": [5,2,2.25],
		"to": [6,3,3.75],
		"faces": {
			"down":{"uv":	[9.01,12.01,9.99,12.99],"texture":"#block","cullface":"Know2Good"},
			"up":{"uv":		[9.01,12.01,9.99,12.99],"texture":"#block","cullface":"Know2Good"},
			"north":{"uv":	[9.01,12.01,9.99,12.99],"texture":"#block","cullface":"Know2Good"},
			"south":{"uv":	[9.01,12.01,9.99,12.99],"texture":"#block","cullface":"Know2Good"},
			"west":{"uv":	[9.01,12.01,9.99,12.99],"texture":"#block","cullface":"Know2Good"},
			"east":{"uv":	[9.01,12.01,9.99,12.99],"texture":"#block","cullface":"Know2Good"}
		}
	},
	{
		"__comment":"Beetroot east bottom left to top right",
		"from": [12.5,-1,7],
		"to": [13.5,0,8],
		"faces": {
			"north":{"uv":	[12.01,15.01,12.99,15.99],"texture":"#block","cullface":"Know2Good"},
			"south":{"uv":	[12.01,15.01,12.99,15.99],"texture":"#block","cullface":"Know2Good"},
			"west":{"uv":	[12.01,15.01,12.99,15.99],"texture":"#block","cullface":"Know2Good"},
			"east":{"uv":	[12.01,15.01,12.99,15.99],"texture":"#block","cullface":"Know2Good"}
		}
	},
	{
		"__comment":"Beetroot east bottom left to top right",
		"from": [12.5,0,8],
		"to": [13.5,1,9],
		"faces": {
			"down":{"uv":	[11.01,14.01,11.99,14.99],"texture":"#block","cullface":"Know2Good"},
			"south":{"uv":	[11.01,14.01,11.99,14.99],"texture":"#block","cullface":"Know2Good"},
			"west":{"uv":	[11.01,14.01,11.99,14.99],"texture":"#block","cullface":"Know2Good"},
			"east":{"uv":	[11.01,14.01,11.99,14.99],"texture":"#block","cullface":"Know2Good"}
		}
	},
	{
		"__comment":"Beetroot east bottom left to top right",
		"from": [12.25,0,6],
		"to": [13.75,1,8],
		"faces": {
			"down":{"uv":	[12.01,14.01,13.99,14.99],"texture":"#block","cullface":"Know2Good","rotation":90},
			"up":{"uv":		[12.01,14.01,13.99,14.99],"texture":"#block","cullface":"Know2Good","rotation":270},
			"north":{"uv":	[12.01,14.01,12.99,14.99],"texture":"#block","cullface":"Know2Good"},
			"south":{"uv":	[12.01,14.01,12.99,14.99],"texture":"#block","cullface":"Know2Good"},
			"west":{"uv":	[12.01,14.01,13.99,14.99],"texture":"#block","cullface":"Know2Good","rotation":180},
			"east":{"uv":	[12.01,14.01,13.99,14.99],"texture":"#block","cullface":"Know2Good"}
		}
	},
	{
		"__comment":"Beetroot east bottom left to top right",
		"from": [12.25,1,8],
		"to": [13.75,2,9],
		"faces": {
			"down":{"uv":	[11.01,13.01,11.99,13.99],"texture":"#block","cullface":"Know2Good"},
			"up":{"uv":		[11.01,13.01,11.99,13.99],"texture":"#block","cullface":"Know2Good"},
			"north":{"uv":	[11.01,13.01,11.99,13.99],"texture":"#block","cullface":"Know2Good"},
			"south":{"uv":	[11.01,13.01,11.99,13.99],"texture":"#block","cullface":"Know2Good"},
			"west":{"uv":	[11.01,13.01,11.99,13.99],"texture":"#block","cullface":"Know2Good"},
			"east":{"uv":	[11.01,13.01,11.99,13.99],"texture":"#block","cullface":"Know2Good"}
		}
	},
	{
		"__comment":"Beetroot east bottom left to top right",
		"from": [12.25,1,5],
		"to": [13.75,3,7],
		"faces": {
			"down":{"uv":	[13.01,13.01,14.99,13.99],"texture":"#block","cullface":"Know2Good","rotation":90},
			"up":{"uv":		[13.01,12.01,14.99,12.99],"texture":"#block","cullface":"Know2Good","rotation":270},
			"north":{"uv":	[14.01,12.01,14.99,13.99],"texture":"#block","cullface":"Know2Good"},
			"south":{"uv":	[13.01,12.01,13.99,13.99],"texture":"#block","cullface":"Know2Good"},
			"west":{"uv":	[14.99,12.01,13.01,13.99],"texture":"#block","cullface":"Know2Good"},
			"east":{"uv":	[13.01,12.01,14.99,13.99],"texture":"#block","cullface":"Know2Good"}
		}
	},
	{
		"__comment":"Beetroot south bottom left to top right",
		"from": [7,-1,12.5],
		"to": [9,0,13.5],
		"faces": {
			"up":{"uv":		[6.01,15.01,7.99,15.99],"texture":"#block","cullface":"Know2Good"},
			"north":{"uv":	[6.01,15.01,7.99,15.99],"texture":"#block","cullface":"Know2Good","rotation":180},
			"south":{"uv":	[6.01,15.01,7.99,15.99],"texture":"#block","cullface":"Know2Good"},
			"west":{"uv":	[6.01,15.01,6.99,15.99],"texture":"#block","cullface":"Know2Good"},
			"east":{"uv":	[7.01,15.01,7.99,15.99],"texture":"#block","cullface":"Know2Good"}
		}
	},
	{
		"__comment":"Beetroot south bottom left to top right",
		"from": [8,0,12.5],
		"to": [9,1,13.5],
		"faces": {
			"up":{"uv":		[7.01,14.01,7.99,14.99],"texture":"#block","cullface":"Know2Good"},
			"north":{"uv":	[7.01,14.01,7.99,14.99],"texture":"#block","cullface":"Know2Good"},
			"south":{"uv":	[7.01,14.01,7.99,14.99],"texture":"#block","cullface":"Know2Good"},
			"west":{"uv":	[7.01,14.01,7.99,14.99],"texture":"#block","cullface":"Know2Good"},
			"east":{"uv":	[7.01,14.01,7.99,14.99],"texture":"#block","cullface":"Know2Good"}
		}
	},
	{
		"__comment":"Beetroot south bottom left to top right",
		"from": [7,1,12.25],
		"to": [10,2,13.75],
		"faces": {
			"down":{"uv":	[6.01,13.01,8.99,13.99],"texture":"#block","cullface":"Know2Good"},
			"up":{"uv":		[6.01,13.01,8.99,13.99],"texture":"#block","cullface":"Know2Good"},
			"north":{"uv":	[6.01,13.01,8.99,13.99],"texture":"#block","cullface":"Know2Good","rotation":180},
			"south":{"uv":	[6.01,13.01,8.99,13.99],"texture":"#block","cullface":"Know2Good"},
			"west":{"uv":	[6.01,13.01,6.99,13.99],"texture":"#block","cullface":"Know2Good"},
			"east":{"uv":	[8.01,13.01,8.99,13.99],"texture":"#block","cullface":"Know2Good"}
		}
	},
	{
		"__comment":"Beetroot south bottom left to top right",
		"from": [10,1,12.5],
		"to": [11,2,13.5],
		"faces": {
			"down":{"uv":	[9.01,13.01,9.99,13.99],"texture":"#block","cullface":"Know2Good"},
			"north":{"uv":	[9.01,13.01,9.99,13.99],"texture":"#block","cullface":"Know2Good"},
			"south":{"uv":	[9.01,13.01,9.99,13.99],"texture":"#block","cullface":"Know2Good"},
			"east":{"uv":	[9.01,13.01,9.99,13.99],"texture":"#block","cullface":"Know2Good"}
		}
	},
	{
		"__comment":"Beetroot south bottom left to top right",
		"from": [6,2,12.25],
		"to": [8,4,13.75],
		"faces": {
			"down":{"uv":	[5.01,11.01,6.99,11.99],"texture":"#block","cullface":"Know2Good","rotation":180},
			"up":{"uv":		[5.01,12.01,6.99,12.99],"texture":"#block","cullface":"Know2Good","rotation":180},
			"north":{"uv":	[6.99,11.01,5.01,12.99],"texture":"#block","cullface":"Know2Good"},
			"south":{"uv":	[5.01,11.01,6.99,12.99],"texture":"#block","cullface":"Know2Good"},
			"west":{"uv":	[5.01,11.01,5.99,12.99],"texture":"#block","cullface":"Know2Good"},
			"east":{"uv":	[6.01,11.01,6.99,12.99],"texture":"#block","cullface":"Know2Good"}
		}
	},
	{
		"__comment":"Beetroot south bottom left to top right",
		"from": [10,2,12.25],
		"to": [11,3,13.75],
		"faces": {
			"down":{"uv":	[9.01,12.01,9.99,12.99],"texture":"#block","cullface":"Know2Good"},
			"up":{"uv":		[9.01,12.01,9.99,12.99],"texture":"#block","cullface":"Know2Good"},
			"north":{"uv":	[9.01,12.01,9.99,12.99],"texture":"#block","cullface":"Know2Good"},
			"south":{"uv":	[9.01,12.01,9.99,12.99],"texture":"#block","cullface":"Know2Good"},
			"west":{"uv":	[9.01,12.01,9.99,12.99],"texture":"#block","cullface":"Know2Good"},
			"east":{"uv":	[9.01,12.01,9.99,12.99],"texture":"#block","cullface":"Know2Good"}
		}
	},
	{
		"__comment":"Beetroot west bottom left to top right",
		"from": [2.5,-1,8],
		"to": [3.5,0,9],
		"faces": {
			"north":{"uv":	[12.01,15.01,12.99,15.99],"texture":"#block","cullface":"Know2Good"},
			"south":{"uv":	[12.01,15.01,12.99,15.99],"texture":"#block","cullface":"Know2Good"},
			"west":{"uv":	[12.01,15.01,12.99,15.99],"texture":"#block","cullface":"Know2Good"},
			"east":{"uv":	[12.01,15.01,12.99,15.99],"texture":"#block","cullface":"Know2Good"}
		}
	},
	{
		"__comment":"Beetroot west bottom left to top right",
		"from": [2.5,0,7],
		"to": [3.5,1,8],
		"faces": {
			"down":{"uv":	[11.01,14.01,11.99,14.99],"texture":"#block","cullface":"Know2Good"},
			"north":{"uv":	[11.01,14.01,11.99,14.99],"texture":"#block","cullface":"Know2Good"},
			"west":{"uv":	[11.01,14.01,11.99,14.99],"texture":"#block","cullface":"Know2Good"},
			"east":{"uv":	[11.01,14.01,11.99,14.99],"texture":"#block","cullface":"Know2Good"}
		}
	},
	{
		"__comment":"Beetroot west bottom left to top right",
		"from": [2.25,0,8],
		"to": [3.75,1,10],
		"faces": {
			"down":{"uv":	[12.01,14.01,13.99,14.99],"texture":"#block","cullface":"Know2Good","rotation":270},
			"up":{"uv":		[12.01,14.01,13.99,14.99],"texture":"#block","cullface":"Know2Good","rotation":90},
			"north":{"uv":	[12.01,14.01,12.99,14.99],"texture":"#block","cullface":"Know2Good"},
			"south":{"uv":	[13.01,14.01,13.99,14.99],"texture":"#block","cullface":"Know2Good"},
			"west":{"uv":	[12.01,14.01,13.99,14.99],"texture":"#block","cullface":"Know2Good"},
			"east":{"uv":	[12.01,14.01,13.99,14.99],"texture":"#block","cullface":"Know2Good","rotation":180}
		}
	},
	{
		"__comment":"Beetroot west bottom left to top right",
		"from": [2.25,1,7],
		"to": [3.75,2,8],
		"faces": {
			"down":{"uv":	[11.01,13.01,11.99,13.99],"texture":"#block","cullface":"Know2Good"},
			"up":{"uv":		[11.01,13.01,11.99,13.99],"texture":"#block","cullface":"Know2Good"},
			"north":{"uv":	[11.01,13.01,11.99,13.99],"texture":"#block","cullface":"Know2Good"},
			"south":{"uv":	[11.01,13.01,11.99,13.99],"texture":"#block","cullface":"Know2Good"},
			"west":{"uv":	[11.01,13.01,11.99,13.99],"texture":"#block","cullface":"Know2Good"},
			"east":{"uv":	[11.01,13.01,11.99,13.99],"texture":"#block","cullface":"Know2Good"}
		}
	},
	{
		"__comment":"Beetroot west bottom left to top right",
		"from": [2.25,1,9],
		"to": [3.75,3,11],
		"faces": {
			"down":{"uv":	[13.01,13.01,14.99,13.99],"texture":"#block","cullface":"Know2Good","rotation":270},
			"up":{"uv":		[13.01,12.01,14.99,12.99],"texture":"#block","cullface":"Know2Good","rotation":90},
			"north":{"uv":	[13.01,12.01,13.99,13.99],"texture":"#block","cullface":"Know2Good"},
			"south":{"uv":	[14.01,12.01,14.99,13.99],"texture":"#block","cullface":"Know2Good"},
			"west":{"uv":	[13.01,12.01,14.99,13.99],"texture":"#block","cullface":"Know2Good"},
			"east":{"uv":	[14.99,12.01,13.01,13.99],"texture":"#block","cullface":"Know2Good"}
            }
        }
    ]
}