{
"__comment":"Made by Know2Good, part of the 'Default 3D' resource pack || Official download page: http://www.planetminecraft.com/texture_pack/default-3d-2985741/ || © Know2Good. All rights reserved. ",
"__comment":"OK",

"ambientocclusion": false,

"textures": {
	"block": 	"know2good/blocks/wood/door/birch/top",
	"detail": 	"know2good/blocks/wood/door/birch/detail",
	"particle":	"know2good/blocks/wood/door/birch/top"
},
"elements":[
	{
		"__comment":"The inner block",
		"from":[0.75,13,1],
		"to":[2.25,16,16],
		"faces": {
			"up":{"uv":		[1.01,0.01,15.99,0.99],"texture":"#block","cullface":"up","rotation":90},
			"south":{"uv":	[15.01,0.01,15.99,2.99],"texture":"#block","cullface":"south"},
			"west":{"uv":	[1.01,0.01,15.99,2.99],"texture":"#block","cullface":"Know2Good"},
			"east":{"uv":	[15.99,0.01,1.01,2.99],"texture":"#block","cullface":"Know2Good"}
		}
	},
	{
		"__comment":"Side",
		"from":[0.75,0,15],
		"to":[2.25,13,16],
		"faces": {
			"south":{"uv":	[15.01,3.01,15.99,15.99],"texture":"#block","cullface":"south"},
			"west":{"uv":	[15.01,3.01,15.99,15.99],"texture":"#block","cullface":"Know2Good"},
			"east":{"uv":	[15.99,3.01,15.01,15.99],"texture":"#block","cullface":"Know2Good"}
		}
	},
	{
		"__comment":"Top hinge",
		"from":[-0.25,10,-0.25],
		"to":[3.25,12,1],
		"faces": {
			"up":{"uv":		[0.01,4.01,0.99,4.99],"texture":"#detail","cullface":"Know2Good"},
			"down":{"uv":	[0.01,5.01,0.99,5.99],"texture":"#detail","cullface":"Know2Good"},
			"north":{"uv":	[0.01,4.01,0.99,5.99],"texture":"#detail","cullface":"north"},
			"south":{"uv":	[0.01,4.01,0.99,5.99],"texture":"#detail","cullface":"Know2Good"},
			"west":{"uv":	[0.01,4.01,0.99,5.99],"texture":"#detail","cullface":"west"},
			"east":{"uv":	[0.99,4.01,0.01,5.99],"texture":"#detail","cullface":"Know2Good"}
		}
	},
	{
		"__comment":"Bottom hinge",
		"from":[-0.25,0,-0.25],
		"to":[3.25,1,1],
		"faces": {
			"up":{"uv":		[0.01,15.01,0.99,15.99],"texture":"#detail","cullface":"Know2Good"},
			"north":{"uv":	[0.01,15.01,0.99,15.99],"texture":"#detail","cullface":"north"},
			"south":{"uv":	[0.01,15.01,0.99,15.99],"texture":"#detail","cullface":"Know2Good"},
			"west":{"uv":	[0.01,15.01,0.99,15.99],"texture":"#detail","cullface":"west"},
			"east":{"uv":	[0.99,15.01,0.01,15.99],"texture":"#detail","cullface":"Know2Good"}
		}
	},
	{
		"__comment":"Grid 1 left",
		"from":[0.50,0,5],
		"to":[2.50,10,6],
		"faces": {
			"north":{"uv":	[5.01,6.01,5.99,15.99],"texture":"#block","cullface":"Know2Good"},
			"south":{"uv":	[5.01,6.01,5.99,15.99],"texture":"#block","cullface":"Know2Good"},
			"west":{"uv":	[5.01,6.01,5.99,15.99],"texture":"#block","cullface":"west"},
			"east":{"uv":	[5.99,6.01,5.01,15.99],"texture":"#block","cullface":"Know2Good"}
		}
	},
	{
		"__comment":"Grid 1 right",
		"from":[0.50,0,10],
		"to":[2.50,10,11],
		"faces": {
			"north":{"uv":	[10.01,6.01,10.99,15.99],"texture":"#block","cullface":"Know2Good"},
			"south":{"uv":	[10.01,6.01,10.99,15.99],"texture":"#block","cullface":"Know2Good"},
			"west":{"uv":	[10.01,6.01,10.99,15.99],"texture":"#block","cullface":"west"},
			"east":{"uv":	[10.99,6.01,10.01,15.99],"texture":"#block","cullface":"Know2Good"}
		}
	},
	{
		"__comment":"Grid 2",
		"from":[0.499,4,3],
		"to":[2.499,5,13],
		"faces": {
			"up":{"uv":		[3.01,11.01,12.99,11.99],"texture":"#block","cullface":"Know2Good","rotation":90},
			"down":{"uv":	[3.01,11.01,12.99,11.99],"texture":"#block","cullface":"Know2Good","rotation":270},
			"west":{"uv":	[3.01,11.01,12.99,11.99],"texture":"#block","cullface":"west"},
			"east":{"uv":	[12.99,11.01,3.01,11.99],"texture":"#block","cullface":"Know2Good"}
		}
	},
	{
		"__comment":"Grid 3 left",
		"from":[0.50,7,3],
		"to":[2.50,8,5],
		"faces": {
			"up":{"uv":		[3.01,8.01,4.99,8.99],"texture":"#block","cullface":"Know2Good","rotation":90},
			"down":{"uv":	[3.01,8.01,4.99,8.99],"texture":"#block","cullface":"Know2Good","rotation":270},
			"west":{"uv":	[3.01,8.01,4.99,8.99],"texture":"#block","cullface":"west"},
			"east":{"uv":	[4.99,8.01,3.01,8.99],"texture":"#block","cullface":"Know2Good"}
		}
	},
	{
		"__comment":"Grid 3 right",
		"from":[0.50,7,11],
		"to":[2.50,8,13],
		"faces": {
			"up":{"uv":		[11.01,8.01,12.99,8.99],"texture":"#block","cullface":"Know2Good","rotation":90},
			"down":{"uv":	[11.01,8.01,12.99,8.99],"texture":"#block","cullface":"Know2Good","rotation":270},
			"west":{"uv":	[11.01,8.01,12.99,8.99],"texture":"#block","cullface":"west"},
			"east":{"uv":	[11.01,8.01,12.99,8.99],"texture":"#block","cullface":"Know2Good"}
		}
	},
	{
		"__comment":"Grid 4",
		"from":[0.499,10,3],
		"to":[2.499,11,13],
		"faces": {
			"up":{"uv":		[3.01,5.01,12.99,5.99],"texture":"#block","cullface":"Know2Good","rotation":90},
			"down":{"uv":	[3.01,5.01,12.99,5.99],"texture":"#block","cullface":"Know2Good","rotation":270},
			"west":{"uv":	[3.01,5.01,12.99,5.99],"texture":"#block","cullface":"west"},
			"east":{"uv":	[12.99,5.01,3.01,5.99],"texture":"#block","cullface":"Know2Good"}
		}
	},
	{
		"__comment":"Grid 5 left",
		"from":[0.50,11,6],
		"to":[2.50,13,7],
		"faces": {
			"north":{"uv":	[6.01,3.01,6.99,4.99],"texture":"#block","cullface":"Know2Good"},
			"south":{"uv":	[6.01,3.01,6.99,4.99],"texture":"#block","cullface":"Know2Good"},
			"west":{"uv":	[6.01,3.01,6.99,4.99],"texture":"#block","cullface":"west"},
			"east":{"uv":	[6.99,3.01,6.01,4.99],"texture":"#block","cullface":"Know2Good"}
		}
	},
	{
		"__comment":"Grid 5 right",
		"from":[0.50,11,9],
		"to":[2.50,13,10],
		"faces": {
			"north":{"uv":	[9.01,3.01,9.99,4.99],"texture":"#block","cullface":"Know2Good"},
			"south":{"uv":	[9.01,3.01,9.99,4.99],"texture":"#block","cullface":"Know2Good"},
			"west":{"uv":	[9.01,3.01,9.99,4.99],"texture":"#block","cullface":"west"},
			"east":{"uv":	[9.99,3.01,9.01,4.99],"texture":"#block","cullface":"Know2Good"}
		}
	},
	{
		"__comment":"Screen",
		"from":[1.25,0,3],
		"to":[1.75,13,13],
		"faces": {
			"east":{"uv":	[3.01,3.01,12.99,15.99],"texture":"#block","cullface":"Know2Good"},
			"west":{"uv":	[12.99,3.01,3.01,15.99],"texture":"#block","cullface":"west"}
		}
	},
	{
		"__comment":"Hinge side",
		"from":[0,0,0],
		"to":[3,16,3],
		"faces": {
			"up":{"uv":		[0.01,0.01,2.99,0.99],"texture":"#block","cullface":"up","rotation":90},
			"north":{"uv":	[0.01,0.01,0.99,15.99],"texture":"#block","cullface":"north"},
			"south":{"uv":	[2.01,0.01,2.99,15.99],"texture":"#block","cullface":"Know2Good"},
			"west":{"uv":	[0.01,0.01,2.99,15.99],"texture":"#block","cullface":"west"},
			"east":{"uv":	[2.99,0.01,0.01,15.99],"texture":"#block","cullface":"Know2Good"}
		}
	},
	{
		"__comment":"Middle",
		"from":[0,13,3],
		"to":[3,16,13],
		"faces": {
			"up":{"uv":		[3.01,0.01,12.99,0.99],"texture":"#block","cullface":"up","rotation":90},
			"down":{"uv":	[3.01,2.01,12.99,2.99],"texture":"#block","cullface":"up","rotation":270},
			"north":{"uv":	[3.01,0.01,3.99,2.99],"texture":"#block","cullface":"Know2Good"},
			"south":{"uv":	[12.01,0.01,12.99,2.99],"texture":"#block","cullface":"Know2Good"},
			"west":{"uv":	[3.01,0.01,12.99,2.99],"texture":"#block","cullface":"west"},
			"east":{"uv":	[12.99,0.01,3.01,2.99],"texture":"#block","cullface":"Know2Good"}
		}
	},
	{
		"__comment":"Right",
		"from":[0,0,13],
		"to":[3,16,15.02],
		"faces": {
			"up":{"uv":		[13.01,0.01,14.99,0.99],"texture":"#block","cullface":"up","rotation":90},
			"north":{"uv":	[13.01,0.01,13.99,15.99],"texture":"#block","cullface":"Know2Good"},
			"south":{"uv":	[14.01,0.01,14.99,15.99],"texture":"#block","cullface":"Know2Good"},
			"west":{"uv":	[13.01,0.01,14.99,15.99],"texture":"#block","cullface":"west"},
			"east":{"uv":	[14.99,0.01,13.01,15.99],"texture":"#block","cullface":"Know2Good"}
		}
	},
	{
		"__comment":"Handle",
		"from":[-0.75,0,14],
		"to":[3.75,2,15],
		"faces": {
			"up":{"uv":		[14.01,14.01,14.99,14.99],"texture":"#detail","cullface":"Know2Good","rotation":90},
			"down":{"uv":	[14.01,15.01,14.99,15.99],"texture":"#detail","cullface":"Know2Good","rotation":270},
			"north":{"uv":	[14.01,14.01,14.99,15.99],"texture":"#detail","cullface":"Know2Good"},
			"south":{"uv":	[14.01,14.01,14.99,15.99],"texture":"#detail","cullface":"Know2Good"},
			"west":{"uv":	[14.01,14.01,14.99,15.99],"texture":"#detail","cullface":"west"},
			"east":{"uv":	[14.99,14.01,14.01,15.99],"texture":"#detail","cullface":"Know2Good"}
			}
		}
    ]
}